attendance,assignment_completion,internal_marks,previous_gpa,recent_trend,core_subject_score,study_hours_weekly,missed_labs,risk_level,future_gpa
87.0,78.8,25.6,7.93,-0.08,89.5,27.5,3,Low,6.68
72.5,70.6,22.9,8.38,0.58,88.2,27.9,6,Medium,7.06
57.4,41.1,12.9,7.41,1.14,58.3,17.7,5,High,5.42
44.0,43.6,16.6,7.12,-0.19,57.0,16.4,8,High,5.69
78.9,78.6,21.3,7.41,-0.28,77.6,19.4,4,Low,5.91
48.5,41.3,11.7,5.9,0.45,47.1,21.3,7,High,4.26
84.9,87.8,24.2,6.97,-0.6,80.9,17.7,2,Low,6.62
60.1,51.4,16.8,6.56,1.02,62.7,23.7,8,Medium,5.13
73.7,59.1,17.3,6.66,0.92,61.9,21.5,4,Medium,5.09
96.7,92.7,24.6,8.41,-0.55,86.7,28.7,0,Low,6.81
45.1,63.7,12.8,7.5,-0.9,41.3,16.6,10,High,4.61
82.1,75.6,20.4,6.19,-0.65,63.1,22.3,5,Medium,5.85
84.9,83.5,23.0,7.73,-0.64,85.6,26.3,2,Low,6.37
48.3,41.0,10.5,4.44,0.53,29.8,9.1,10,High,4.0
85.8,65.6,21.0,7.29,0.98,76.6,22.2,1,Low,6.45
72.2,68.0,23.0,7.42,0.52,78.8,19.4,5,Medium,6.27
50.2,50.9,17.2,5.9,-0.09,67.1,17.5,8,High,4.88
44.3,39.1,10.5,6.36,0.26,46.6,15.6,8,High,4.23
44.5,49.1,16.3,6.97,-0.47,56.5,18.2,10,High,4.83
78.4,65.1,16.4,7.37,0.71,59.1,23.5,2,Medium,5.72
41.2,31.0,18.0,6.72,0.31,49.9,18.7,10,High,5.79
92.0,93.8,29.3,9.13,0.51,98.0,25.3,3,Low,8.08
77.3,81.3,21.0,8.77,-0.39,67.5,24.6,5,Low,7.04
65.5,54.3,19.1,7.3,-0.05,66.5,23.9,6,Medium,5.56
84.2,93.8,21.2,8.24,0.49,71.3,27.8,5,Low,6.45
76.8,67.4,21.4,7.28,0.92,68.3,18.1,4,Medium,5.91
79.0,73.0,21.6,8.26,-0.31,85.3,21.1,2,Low,6.71
85.3,76.7,21.4,7.34,0.52,65.7,23.9,3,Low,6.16
59.3,60.6,16.4,5.47,-0.38,50.0,16.5,7,High,4.49
84.0,79.1,22.0,7.83,1.32,72.5,24.3,0,Low,6.87
72.0,68.8,17.6,6.7,-0.2,59.4,23.4,3,Medium,5.25
74.2,57.9,17.8,5.93,0.44,55.7,21.3,3,Medium,5.42
66.7,44.8,14.0,6.5,0.15,49.6,20.8,5,High,4.97
46.8,56.2,17.1,6.3,1.61,62.5,18.0,8,High,5.28
76.7,64.7,18.7,9.39,0.19,75.7,28.3,4,Low,6.46
35.0,34.3,8.0,4.24,-0.26,35.2,2.2,10,High,4.0
75.4,72.3,23.5,7.25,0.43,66.8,21.1,3,Low,6.51
56.3,69.1,18.6,7.82,0.42,70.3,16.9,8,High,6.23
74.7,70.1,23.1,7.93,-0.04,83.5,24.4,4,Low,6.75
57.8,50.2,18.7,7.82,-0.61,63.4,18.4,7,High,5.86
79.1,67.0,26.4,8.91,-0.27,98.0,25.2,6,Low,7.46
57.0,53.1,16.1,6.35,0.58,65.4,20.4,7,High,5.01
75.9,60.4,16.9,5.92,-1.0,57.7,19.0,4,Medium,5.13
80.1,73.4,23.0,8.76,-0.1,77.7,26.0,3,Low,6.97
87.7,79.0,22.4,7.01,0.65,88.4,28.9,2,Low,6.05
74.9,85.1,19.9,7.84,-0.01,71.2,25.4,5,Low,6.61
93.2,83.4,25.7,9.16,1.35,90.9,23.0,1,Low,8.12
77.2,51.4,22.2,7.78,-1.0,78.1,22.3,1,Medium,6.39
80.1,99.8,22.3,7.68,-0.53,93.9,24.7,3,Low,6.33
58.5,64.3,20.9,6.93,-1.34,70.7,20.5,7,High,5.59
87.0,99.8,23.2,8.37,1.25,81.5,25.0,4,Low,7.07
58.8,43.4,15.5,4.5,-0.52,46.4,14.1,6,High,4.0
78.2,69.2,22.6,8.44,-1.14,77.4,24.4,2,Low,6.82
77.5,77.6,21.2,7.77,-0.32,67.6,20.0,4,Low,6.77
83.4,81.2,19.1,7.14,-0.79,62.0,26.9,4,Low,5.83
84.0,79.5,25.8,8.7,-0.31,77.0,31.2,2,Low,7.01
61.4,35.2,14.3,5.46,0.07,57.1,18.8,9,High,4.54
80.5,56.3,22.9,6.3,0.53,77.7,21.3,6,Low,5.95
79.5,87.8,20.2,7.83,-0.05,73.8,26.5,3,Low,6.38
87.5,96.3,22.7,8.89,0.07,81.0,28.7,2,Low,6.87
43.4,40.8,15.2,5.38,-0.3,53.9,13.4,11,High,4.42
39.7,52.7,14.2,5.67,-0.86,62.5,13.8,10,High,4.61
66.6,51.4,17.0,7.44,-1.06,57.1,19.1,5,Medium,5.25
94.6,77.5,26.1,8.84,-0.17,92.8,28.1,2,Low,7.32
88.6,69.3,21.1,9.75,0.1,80.5,28.5,2,Low,7.27
53.1,41.6,15.2,7.33,-0.21,65.1,16.0,7,High,5.68
90.3,89.0,25.7,9.1,-1.04,93.2,23.9,2,Low,7.71
91.3,74.0,23.4,7.56,0.17,84.1,21.5,1,Low,6.0
81.8,97.0,22.4,8.27,1.03,70.5,25.9,3,Low,7.18
70.3,69.3,20.4,8.58,-0.02,68.6,22.9,4,Medium,7.0
81.9,85.5,23.4,7.98,-0.3,73.4,24.1,3,Low,6.99
87.2,84.0,23.3,7.98,0.01,63.8,26.7,2,Low,6.56
51.8,61.2,13.6,6.4,-0.61,53.7,14.3,8,High,4.63
90.5,73.2,24.2,7.77,-0.65,81.4,22.4,3,Low,6.17
77.3,85.1,21.6,7.94,0.32,79.0,24.2,4,Low,5.95
64.2,60.9,15.8,6.87,0.64,58.3,14.6,6,Medium,5.28
48.0,57.9,15.4,7.66,-0.04,60.1,17.0,8,High,5.64
74.6,54.0,23.8,8.03,-1.13,92.0,30.5,6,Medium,6.67
74.6,70.3,20.1,7.96,0.26,72.4,18.9,3,Low,6.6
97.3,89.1,30.0,9.19,1.29,98.0,27.2,0,Low,9.14
79.0,66.0,26.8,9.16,-0.1,91.2,18.8,2,Low,7.58
92.4,86.7,23.2,7.88,-0.06,86.5,25.4,3,Low,6.34
88.8,95.9,25.7,8.91,-0.47,81.1,32.6,2,Low,7.53
69.4,57.1,24.3,8.77,0.34,72.8,24.4,7,Medium,7.34
61.8,67.2,18.2,6.39,-0.35,78.5,17.0,5,Medium,5.1
75.5,57.9,20.3,8.29,0.66,86.3,30.1,7,Low,6.87
76.6,91.2,18.9,7.15,-0.34,53.6,17.1,4,Medium,5.5
86.1,86.0,23.1,7.7,0.26,79.7,26.1,0,Low,6.54
71.2,82.8,22.8,7.49,0.02,80.0,22.0,7,Medium,6.39
53.5,57.2,22.3,8.09,0.98,83.6,18.6,6,High,6.53
84.5,80.7,23.2,8.05,0.3,93.2,27.3,2,Low,6.29
80.3,81.2,18.8,7.5,0.88,60.2,19.9,3,Medium,6.14
83.7,74.8,19.5,7.66,0.12,63.0,25.2,3,Low,6.51
77.0,54.3,20.1,7.91,-0.05,72.1,23.9,3,Medium,6.56
90.4,86.3,28.1,9.8,0.03,91.6,25.4,3,Low,8.47
70.6,57.5,20.9,7.66,-0.41,54.8,27.7,6,Medium,5.98
66.1,50.1,19.1,6.78,0.37,65.3,19.5,6,Medium,5.73
61.4,63.6,21.4,6.31,-0.36,78.6,18.2,8,Medium,5.2
61.5,54.5,15.6,5.83,0.12,55.3,15.0,6,Medium,4.8
77.0,80.7,22.4,8.77,0.56,84.5,23.9,4,Low,7.47
90.8,74.3,23.0,8.52,1.0,84.8,33.6,4,Low,7.49
54.5,46.7,14.9,5.58,0.15,45.6,15.8,8,High,5.12
48.8,58.0,12.9,7.89,0.57,52.4,19.8,7,High,5.81
45.2,46.2,13.0,6.41,0.5,38.4,18.7,8,High,4.92
75.9,54.7,20.0,7.78,-0.18,67.9,22.5,4,Medium,6.44
89.8,83.9,23.9,9.76,1.31,86.9,26.6,0,Low,8.06
92.8,98.7,26.2,9.8,-0.3,93.0,29.9,0,Low,7.69
59.0,50.3,17.7,7.58,0.1,55.6,19.0,7,High,5.44
85.9,84.0,27.3,9.38,0.92,87.5,25.7,2,Low,8.26
86.4,69.9,26.4,9.29,0.91,94.6,29.5,1,Low,8.45
39.4,37.2,14.0,6.19,0.06,57.3,14.3,10,High,4.99
94.0,95.8,23.4,8.3,0.64,80.7,30.5,2,Low,6.45
80.2,75.4,21.6,8.16,-0.08,74.9,24.0,4,Low,6.44
87.7,92.5,24.5,8.2,-0.24,91.5,21.7,2,Low,6.87
70.8,69.4,18.7,6.54,-0.68,59.9,10.3,5,Medium,4.83
79.4,94.7,24.7,8.15,0.48,97.6,18.5,3,Low,6.64
78.9,56.4,16.7,6.18,0.55,49.8,16.6,4,Medium,5.11
70.2,62.5,23.9,8.22,-0.29,90.6,23.3,5,Medium,6.92
84.2,65.8,25.4,7.21,0.21,89.4,20.9,3,Low,6.33
79.1,62.1,22.4,8.15,1.64,95.9,18.1,4,Low,6.53
81.6,64.3,21.7,6.63,0.74,66.1,22.2,2,Medium,6.29
69.0,65.3,22.7,7.68,-0.49,62.6,18.4,5,Medium,6.31
74.8,70.9,22.9,8.34,0.65,89.4,24.9,4,Low,6.87
79.2,76.6,25.1,8.96,-0.49,78.0,26.3,2,Low,7.19
79.8,61.6,21.2,8.15,-1.69,79.8,25.8,3,Medium,6.07
87.2,75.9,28.2,9.2,0.04,98.0,19.1,2,Low,8.26
72.4,56.9,22.5,7.14,0.99,79.9,21.7,4,Medium,6.1
83.6,85.4,25.1,9.1,0.89,90.2,25.6,3,Low,7.67
86.9,70.1,26.4,7.87,0.28,92.4,21.4,1,Low,7.06
35.0,32.6,9.9,6.37,-0.28,46.2,7.5,12,High,4.0
76.6,75.7,18.9,7.71,0.34,72.5,22.7,4,Low,6.18
70.7,59.0,20.3,8.46,-0.11,65.1,26.1,5,Medium,6.15
44.8,50.0,13.9,6.37,-0.26,64.5,8.0,9,High,4.95
75.7,85.3,21.9,7.25,0.69,76.3,19.8,4,Low,5.96
92.1,85.2,28.4,8.11,-0.27,98.0,26.7,3,Low,7.48
57.2,62.7,17.7,6.22,0.73,67.1,21.1,7,High,5.17
87.0,58.2,23.0,6.86,-0.31,86.1,23.0,2,Low,5.88
76.0,65.3,20.1,8.14,1.29,79.9,29.2,3,Low,6.66
66.9,63.7,21.3,8.46,-0.93,77.6,16.8,5,Medium,6.17
82.9,65.0,23.9,8.57,-0.52,84.5,19.2,3,Low,6.97
95.5,88.2,28.4,8.99,-0.04,98.0,31.0,1,Low,8.02
64.3,70.3,18.0,8.53,-1.14,75.0,14.8,7,Medium,6.48
94.2,66.3,27.5,8.78,-1.49,86.8,28.9,1,Low,7.25
72.4,54.6,24.0,8.35,-1.14,88.4,22.2,5,Medium,6.72
77.0,72.3,23.8,8.12,-0.13,76.5,20.9,6,Low,6.4
78.1,76.0,20.1,7.25,-0.11,83.8,21.5,4,Low,5.75
90.4,89.2,23.4,8.53,0.25,85.2,22.7,0,Low,6.6
64.4,60.9,17.5,6.57,-0.07,59.3,18.5,4,Medium,5.44
86.9,83.5,22.9,7.51,0.23,82.2,24.7,1,Low,6.7
88.5,89.3,24.9,8.84,-0.22,87.4,25.3,2,Low,7.16
79.3,68.2,23.3,7.72,0.48,79.6,21.8,3,Low,6.36
80.3,67.2,22.6,8.03,0.41,66.6,24.9,3,Low,6.79
84.5,75.1,23.7,7.91,-0.15,75.1,29.7,3,Low,6.46
83.6,78.0,22.7,7.95,0.37,78.4,23.8,2,Low,6.87
71.8,59.4,19.5,6.9,-0.06,56.5,23.7,2,Medium,6.26
87.4,75.4,25.8,8.07,-0.86,84.2,22.5,3,Low,6.67
54.0,54.9,11.1,5.26,0.59,38.0,12.0,9,High,4.0
71.7,67.5,20.3,8.11,-0.49,67.5,24.0,3,Medium,5.94
93.6,82.7,26.2,8.72,0.59,96.2,26.6,1,Low,7.54
68.4,45.7,19.9,8.1,0.24,65.8,25.4,4,Medium,6.43
70.2,64.6,17.3,7.68,-0.0,64.4,25.8,4,Medium,5.78
78.9,62.4,18.5,6.88,-1.08,63.2,25.0,4,Medium,5.44
38.5,47.6,14.2,7.02,0.97,53.0,17.8,11,High,5.02
82.7,72.2,17.9,7.07,-0.17,75.5,13.1,4,Low,5.13
60.8,46.7,20.0,7.36,0.43,72.0,21.1,7,Medium,5.87
57.8,53.5,17.2,7.84,-0.02,66.6,22.4,9,High,5.39
78.3,84.3,26.7,9.09,-0.11,87.7,21.2,3,Low,7.4
58.3,60.9,14.6,6.24,0.17,57.9,18.0,6,High,4.94
48.9,48.7,13.6,6.64,0.07,55.5,13.6,5,High,4.93
85.8,64.7,16.6,5.96,-0.11,61.8,25.7,2,Medium,4.4
87.7,95.7,23.4,8.27,0.02,73.7,22.8,3,Low,7.17
41.4,34.0,11.7,4.9,0.31,38.5,11.0,10,High,4.0
81.3,83.4,18.4,6.48,0.35,74.5,21.0,2,Low,5.08
99.0,85.9,25.7,8.92,0.08,85.0,35.0,1,Low,7.37
57.0,61.8,12.2,4.18,0.42,53.6,18.3,7,High,4.0
72.9,80.1,20.9,8.89,-0.2,72.5,28.6,5,Medium,6.61
78.1,77.8,25.1,8.99,1.38,89.4,19.4,4,Low,7.87
81.9,82.1,23.2,6.77,0.94,77.2,19.0,5,Low,5.92
83.7,75.1,27.2,9.8,0.51,89.9,30.8,3,Low,8.2
90.1,77.3,26.4,9.8,-1.11,87.6,22.7,2,Low,7.43
78.2,72.9,25.3,8.31,0.41,82.5,22.0,4,Low,7.16
99.0,85.8,24.8,7.69,-0.15,85.8,33.2,0,Low,6.79
86.9,100.0,23.7,9.32,-0.54,91.1,23.9,3,Low,7.42
45.1,33.4,13.7,6.06,-0.17,51.0,9.9,11,High,4.62
91.2,92.5,21.9,7.92,-0.47,76.8,26.1,1,Low,6.37
78.5,76.9,23.5,8.95,0.35,92.1,19.5,3,Low,6.97
94.0,87.2,25.1,8.29,1.02,87.1,30.6,1,Low,6.93
99.0,100.0,30.0,9.13,0.55,98.0,26.1,1,Low,8.23
70.0,67.5,21.7,6.89,1.71,67.5,17.6,5,Medium,5.88
86.1,71.8,26.0,8.12,-0.88,97.9,25.3,3,Low,6.54
89.4,83.9,22.9,7.82,-0.25,77.5,24.3,4,Low,6.95
87.5,77.5,26.6,7.8,-0.52,85.9,25.9,1,Low,6.85
99.0,94.2,30.0,8.5,0.79,96.3,29.6,1,Low,8.04
88.6,88.5,24.9,8.4,-0.08,95.1,25.4,2,Low,7.34
93.6,75.9,23.1,6.73,0.16,74.1,21.4,1,Low,6.1
72.3,78.4,19.5,6.76,0.43,75.0,23.3,5,Medium,5.61
77.7,68.5,24.6,9.66,-0.82,86.5,23.5,3,Low,7.47
87.0,83.4,30.0,9.06,-0.32,93.7,23.9,3,Low,8.43
88.1,86.0,22.3,7.55,0.65,75.2,25.3,0,Low,6.32
59.5,59.2,14.8,6.27,-0.28,53.7,12.4,6,High,4.87
60.5,55.4,19.6,7.16,-0.98,68.5,20.7,8,Medium,5.91
51.5,43.9,12.9,6.57,-0.49,48.3,17.7,9,High,4.79
56.3,50.1,18.7,7.58,-0.12,65.2,22.6,8,High,6.25
86.8,94.4,26.3,8.35,0.15,84.9,24.1,2,Low,7.16
57.2,45.0,15.8,6.56,0.01,57.5,22.1,8,High,5.32
48.7,39.2,15.0,7.47,-0.32,60.8,19.3,10,High,4.94
76.5,62.4,21.7,6.72,0.61,64.0,21.7,3,Medium,6.36
97.2,89.0,26.2,8.56,-0.03,98.0,33.2,0,Low,7.64
60.7,41.4,11.8,6.07,0.18,25.0,18.5,7,High,4.36
69.5,50.6,19.0,6.74,-0.29,67.2,19.1,6,Medium,5.67
76.3,67.3,25.1,8.31,0.96,90.0,24.1,5,Low,7.47
80.2,60.3,17.2,6.32,-0.18,56.7,20.4,5,Medium,4.85
83.7,64.1,19.8,7.87,0.09,56.3,25.6,5,Medium,6.22
85.2,64.6,23.6,7.19,0.67,79.7,27.9,2,Low,6.08
84.7,68.5,22.8,8.73,0.22,82.6,25.7,3,Low,7.38
75.2,76.2,22.7,7.9,0.2,71.2,23.3,4,Low,6.86
83.2,85.3,22.1,7.53,-1.13,71.0,26.4,2,Low,6.09
72.8,86.1,24.9,7.66,0.46,91.8,25.9,3,Medium,6.69
97.0,100.0,27.6,9.58,0.08,97.2,27.6,1,Low,7.98
67.8,70.5,21.6,7.3,0.37,64.5,21.5,6,Medium,5.97
68.4,73.4,21.0,6.83,0.16,75.5,22.9,6,Medium,5.84
78.2,72.8,22.3,8.63,-0.29,73.3,25.4,7,Low,6.59
84.1,81.7,25.2,7.79,0.59,80.8,18.9,3,Low,7.18
49.7,66.7,16.7,6.8,0.17,61.9,20.1,7,High,5.7
76.6,73.8,18.7,7.8,-0.72,68.7,24.7,5,Medium,6.24
74.2,79.6,24.4,8.39,0.84,82.4,25.2,3,Low,6.84
80.1,63.8,23.6,9.33,-0.81,81.1,22.0,5,Low,7.24
85.3,70.8,17.8,6.47,0.59,60.9,23.6,0,Medium,5.56
70.5,68.0,18.5,7.04,0.94,60.4,23.7,4,Medium,6.04
84.5,78.3,26.1,8.49,-0.61,97.6,22.8,3,Low,6.68
79.7,66.5,17.1,7.37,-0.02,51.6,21.3,5,Medium,5.88
63.7,83.2,22.5,8.82,-0.08,78.9,24.6,5,Medium,6.68
62.3,59.7,17.6,7.09,-0.05,53.4,17.7,5,Medium,5.55
81.9,70.2,25.7,8.42,1.15,95.4,24.2,3,Low,7.73
86.8,80.3,24.1,7.17,-0.61,80.0,21.1,4,Low,6.62
81.7,74.7,20.9,7.71,-0.13,66.5,29.4,1,Low,6.64
72.0,68.1,21.2,7.23,0.95,78.6,23.2,4,Medium,5.93
49.7,31.3,13.4,6.68,-0.14,34.8,16.2,9,High,4.65
99.0,100.0,25.8,8.24,-0.51,90.7,26.4,0,Low,6.9
84.7,90.4,30.0,9.13,0.21,98.0,22.5,2,Low,8.06
80.4,88.0,21.1,6.64,0.53,73.6,22.1,3,Low,5.92
71.1,68.7,14.7,5.23,-0.19,48.1,21.1,5,Medium,4.66
88.1,86.5,28.7,9.8,0.38,91.3,25.2,2,Low,8.05
75.9,60.8,19.1,7.39,-0.78,75.7,22.8,6,Medium,5.62
87.0,87.3,23.9,8.46,-0.74,90.3,24.7,3,Low,7.31
57.0,55.9,15.8,6.06,-0.21,51.9,21.7,8,High,4.52
91.6,78.3,23.3,8.69,0.4,78.4,25.0,3,Low,7.33
86.6,87.3,22.7,8.44,0.51,88.6,28.0,3,Low,6.91
70.7,74.2,18.2,6.57,-0.66,67.7,24.8,4,Medium,5.42
79.9,73.5,22.4,7.17,0.48,64.6,21.9,3,Low,6.05
96.9,91.8,25.8,8.01,0.15,86.9,25.3,0,Low,7.24
96.1,76.4,27.2,8.77,-0.48,92.2,30.6,3,Low,7.31
54.7,63.9,18.2,7.25,-0.75,67.1,13.2,9,High,5.23
77.9,62.2,18.7,7.25,0.19,66.8,24.0,1,Medium,5.97
84.6,69.8,23.1,8.94,0.82,78.9,21.2,4,Low,6.59
50.5,48.6,13.9,5.85,0.07,52.0,19.8,6,High,4.41
48.8,57.6,12.9,5.41,-0.51,43.8,14.5,9,High,4.21
76.4,81.1,24.0,8.19,-1.07,98.0,23.3,1,Low,6.94
84.2,76.5,23.0,6.83,0.97,78.8,21.2,2,Low,6.58
98.7,96.7,26.5,9.14,0.68,92.3,24.0,2,Low,8.26
68.2,46.1,15.8,6.77,0.23,70.7,24.2,7,Medium,5.68
82.9,68.3,19.8,7.2,0.94,60.3,23.0,3,Medium,6.1
84.7,70.0,27.8,8.63,0.18,94.4,35.0,3,Low,7.9
40.4,51.8,14.2,7.05,-0.27,47.3,13.3,8,High,5.2
89.6,87.7,22.4,8.53,0.38,84.3,24.4,2,Low,7.13
42.2,42.7,13.7,6.15,-0.45,47.3,12.3,11,High,4.44
78.2,74.3,24.7,8.74,-0.55,90.7,24.0,7,Low,7.3
85.7,93.5,25.3,9.05,0.51,92.6,31.0,2,Low,7.42
90.8,80.5,28.2,9.21,0.56,98.0,30.4,2,Low,7.93
52.4,36.4,10.5,5.58,-0.71,44.2,11.6,8,High,4.04
99.0,100.0,22.8,8.25,-0.69,78.9,31.3,1,Low,7.27
87.3,81.0,24.8,7.63,-0.22,75.0,26.9,3,Low,6.79
61.1,66.5,19.0,7.34,-0.38,75.0,21.3,8,Medium,5.83
72.4,66.1,12.0,5.83,0.34,55.1,18.0,6,High,4.13
76.8,61.9,19.2,7.05,0.08,61.4,20.5,2,Medium,6.03
89.5,85.1,22.4,6.7,0.75,81.3,24.6,0,Low,5.98
70.7,65.2,16.5,6.1,0.24,50.1,18.4,4,Medium,5.11
90.5,83.7,22.5,7.58,-0.34,79.5,29.3,2,Low,6.55
80.5,89.6,25.2,9.04,-1.08,91.4,23.5,3,Low,7.64
54.5,40.3,12.5,6.29,0.16,44.6,11.5,7,High,4.86
78.6,74.7,19.7,8.06,-0.98,71.8,19.9,3,Medium,5.84
69.8,56.2,15.0,7.42,-0.34,62.8,17.8,6,Medium,4.93
74.1,42.1,21.9,8.04,-0.38,76.6,22.2,3,Medium,6.71
86.7,78.2,25.0,8.47,-0.26,82.1,26.4,2,Low,7.13
82.4,75.3,16.6,6.17,-0.74,50.3,22.4,3,Medium,5.02
95.6,92.5,24.1,9.62,-0.39,84.1,30.1,1,Low,8.05
86.7,76.5,25.0,7.4,0.74,76.7,23.7,4,Low,6.56
80.9,58.9,24.5,8.37,0.74,82.6,24.0,5,Low,7.51
73.8,59.5,22.1,8.44,0.97,75.6,28.7,3,Medium,6.78
82.1,88.0,22.9,8.6,0.06,87.0,28.7,1,Low,7.42
84.0,68.0,17.7,6.24,0.21,62.6,23.8,2,Medium,5.43
63.8,75.1,21.7,7.48,0.75,93.5,23.2,4,Medium,5.96
89.8,91.8,24.8,7.78,-0.83,70.8,19.7,5,Low,6.54
83.9,73.1,23.1,6.65,0.53,80.2,20.6,2,Low,6.64
73.9,60.6,19.7,7.5,0.83,67.0,21.0,5,Medium,6.68
88.3,90.6,21.8,7.29,-0.48,68.8,22.2,3,Low,6.28
90.1,79.1,25.5,9.52,0.88,90.1,23.0,2,Low,7.96
79.7,57.3,21.5,8.17,1.28,75.8,25.4,6,Low,6.86
66.9,67.5,18.4,7.2,0.52,73.4,24.8,5,Medium,5.94
85.9,82.2,25.2,8.09,0.41,87.5,25.1,1,Low,7.01
91.0,93.7,22.4,7.99,-0.62,73.9,27.9,0,Low,6.86
56.5,56.5,16.0,6.56,0.69,60.3,17.9,8,High,5.41
71.2,60.0,19.7,7.46,-0.57,68.4,20.4,5,Medium,5.67
88.3,92.8,21.0,8.98,0.27,68.8,29.4,1,Low,7.16
59.3,69.0,18.0,6.36,0.33,61.5,14.0,7,High,5.38
85.3,79.8,25.6,8.37,-1.93,90.0,19.8,3,Low,6.79
66.7,62.3,18.2,7.64,0.29,66.9,16.8,6,Medium,6.52
79.8,59.6,21.1,7.38,1.62,76.0,25.8,4,Low,6.42
74.5,62.2,21.8,8.9,-1.21,75.1,24.4,4,Medium,6.27
47.7,53.1,13.9,6.82,0.02,54.7,17.9,8,High,4.96
81.6,68.8,21.4,7.23,-1.12,75.3,28.4,4,Medium,6.23
63.5,44.4,14.0,6.52,-0.49,53.2,15.8,5,High,4.56
74.0,100.0,23.3,7.58,-1.11,80.6,26.0,3,Low,6.61
81.4,59.6,20.6,7.02,0.15,86.9,21.9,4,Low,5.65
64.2,82.2,21.4,7.62,0.53,82.9,19.1,6,Medium,6.76
61.5,54.2,18.8,8.13,0.3,71.0,21.1,8,Medium,6.14
79.5,71.7,24.0,8.73,-0.51,79.1,25.5,4,Low,6.99
89.8,74.6,22.9,7.97,-0.32,77.9,25.1,1,Low,6.49
87.7,87.4,19.3,7.89,0.21,81.2,27.1,3,Low,6.4
89.0,66.2,25.2,8.6,-0.49,83.7,26.6,5,Low,7.68
54.8,33.2,15.6,5.84,-0.75,54.2,16.3,8,High,4.63
77.9,87.3,21.4,7.62,-0.09,73.6,21.9,4,Low,6.29
71.3,57.6,20.8,7.57,-0.52,76.0,22.6,4,Medium,5.98
72.1,73.7,17.3,7.5,0.3,60.3,17.9,7,Medium,5.35
88.6,69.4,26.1,8.18,0.83,90.6,22.5,3,Low,7.13
82.3,82.0,22.5,7.29,1.61,74.8,22.5,2,Low,6.16
80.1,89.9,21.5,7.72,0.25,85.0,25.3,6,Low,5.88
83.5,70.7,21.1,7.22,0.44,68.8,30.1,3,Low,6.12
80.0,53.6,20.1,7.26,-0.31,77.7,22.6,2,Medium,5.78
76.2,86.7,22.6,7.89,-0.27,75.0,17.9,3,Low,6.93
82.8,84.6,23.8,7.89,0.82,76.4,22.0,4,Low,6.61
78.1,66.7,20.3,8.2,-0.12,68.4,25.9,3,Low,6.64
71.9,63.9,20.6,8.56,0.09,62.7,20.3,3,Medium,6.87
82.7,64.2,22.0,8.44,0.78,81.7,21.1,2,Low,7.29
78.2,85.7,21.3,6.47,-0.11,64.5,23.8,3,Low,5.65
80.5,68.0,19.9,7.0,0.95,67.3,24.3,2,Medium,6.34
77.4,56.6,22.0,7.7,0.39,82.3,18.8,3,Low,6.63
86.1,80.3,25.2,7.13,0.32,90.0,21.4,3,Low,6.88
82.6,66.6,22.3,7.28,-0.34,67.1,27.3,3,Low,6.87
89.3,70.6,26.0,8.44,0.36,92.0,28.8,1,Low,7.28
70.0,60.2,14.5,6.15,-0.21,60.9,16.4,4,Medium,4.78
66.1,62.0,17.4,7.0,0.33,58.4,14.3,5,Medium,5.49
72.2,52.6,16.3,5.82,-0.01,60.9,20.8,5,Medium,5.25
71.6,79.7,26.9,8.41,0.63,84.2,22.1,5,Medium,8.17
82.7,82.0,25.2,8.53,0.03,90.4,25.7,4,Low,7.42
56.9,49.7,16.0,6.74,1.27,59.2,20.2,7,High,4.98
67.9,53.7,20.5,7.87,-0.12,77.7,18.8,6,Medium,6.06
62.2,57.0,20.6,7.84,-0.27,77.4,19.3,8,Medium,6.6
58.5,63.7,20.4,7.25,0.26,62.1,16.5,9,High,5.72
81.8,82.0,25.6,8.58,0.7,89.8,22.4,2,Low,7.21
83.9,86.9,23.4,7.53,0.69,90.7,25.8,1,Low,6.42
94.2,80.3,24.1,8.03,0.15,68.3,27.0,1,Low,6.83
40.6,20.0,8.5,4.62,0.25,39.8,8.2,11,High,4.0
78.4,84.1,24.1,8.96,0.25,96.6,27.1,4,Low,6.8
50.5,46.2,14.4,6.25,-0.6,42.4,15.5,10,High,4.28
84.0,83.0,22.7,8.71,0.66,76.3,27.9,2,Low,6.68
90.2,98.4,24.9,8.59,-0.7,90.6,23.5,0,Low,6.71
86.0,100.0,29.1,8.52,-0.6,92.3,22.9,1,Low,7.57
74.1,61.5,22.6,8.13,0.08,89.2,23.9,5,Low,6.77
65.7,62.2,23.4,8.65,-0.14,90.2,18.9,7,Medium,7.32
84.9,90.8,25.9,8.49,0.53,79.7,24.6,0,Low,7.5
95.2,77.4,25.5,8.52,0.32,83.1,23.7,2,Low,7.12
55.4,46.3,15.6,6.27,0.13,61.6,16.3,8,High,5.04
89.6,75.3,21.6,7.78,-0.63,81.1,25.4,2,Low,6.61
75.1,68.5,17.8,7.24,0.07,80.0,22.2,3,Medium,5.65
70.5,62.7,21.0,7.24,0.02,67.1,20.3,7,Medium,5.98
91.1,76.5,22.2,7.11,0.18,86.5,25.9,3,Low,5.91
67.0,52.3,18.8,8.14,-0.21,62.4,22.3,6,Medium,6.0
70.4,73.0,23.3,8.49,0.36,85.7,22.6,4,Medium,7.21
93.5,97.9,25.0,8.0,-0.16,92.3,24.6,3,Low,6.89
48.6,61.1,20.7,7.74,0.31,52.4,21.2,9,High,6.88
88.5,75.4,21.5,6.7,0.53,80.0,25.1,2,Low,5.75
87.9,88.3,27.4,7.43,-0.27,98.0,21.6,2,Low,7.08
83.8,78.6,24.4,9.04,-0.41,94.1,27.9,2,Low,7.41
87.6,73.8,26.7,8.85,0.34,98.0,29.0,2,Low,7.56
84.4,84.1,21.1,7.64,-0.74,81.2,24.1,3,Low,6.05
74.5,62.1,26.1,8.76,0.72,87.0,23.9,4,Low,7.7
94.2,81.3,25.0,9.8,0.06,98.0,22.5,1,Low,7.98
90.3,67.9,25.4,9.06,-0.02,85.0,24.6,2,Low,7.54
83.8,71.6,26.4,7.91,0.38,90.4,27.1,4,Low,7.21
35.0,37.3,9.8,4.42,0.34,42.0,9.3,10,High,4.0
90.6,97.7,28.2,9.71,0.05,98.0,27.5,2,Low,7.69
87.9,76.2,22.0,8.43,0.58,87.9,23.4,3,Low,6.89
73.5,57.1,23.3,8.47,-0.35,98.0,24.1,4,Medium,6.83
99.0,100.0,25.9,7.98,0.48,80.6,28.6,0,Low,7.63
76.4,64.9,21.0,7.91,-0.6,72.4,24.5,3,Low,6.5
74.8,51.1,20.3,7.02,0.36,73.2,18.5,5,Medium,5.99
80.1,74.4,24.3,8.73,-0.15,82.3,25.2,3,Low,7.31
78.1,68.1,26.4,9.33,-0.74,92.1,30.0,3,Low,7.35
73.0,90.0,21.2,7.31,0.2,79.4,24.2,5,Medium,5.99
83.7,80.9,26.4,9.43,0.03,97.2,26.7,4,Low,7.7
42.7,39.9,17.8,7.14,-0.88,65.9,10.5,11,High,5.63
79.9,63.7,21.9,8.16,-1.22,78.7,23.4,3,Medium,6.33
73.5,70.8,19.5,6.46,-0.04,66.0,25.9,6,Medium,5.36
56.9,68.0,13.4,6.41,1.02,60.1,21.9,10,High,4.62
88.1,83.0,29.2,8.68,0.24,98.0,27.7,2,Low,7.79
80.8,65.2,21.2,8.01,-0.35,82.4,22.0,3,Low,6.47
92.9,89.4,23.4,9.11,0.7,75.6,27.8,1,Low,7.51
78.2,71.0,18.4,7.37,0.59,64.3,25.2,2,Medium,5.72
71.0,69.8,17.8,6.44,0.81,64.3,23.3,6,Medium,5.53
85.9,74.5,25.7,8.95,0.46,83.3,27.1,2,Low,7.26
79.1,68.4,24.4,8.55,0.58,85.9,27.1,3,Low,7.14
79.8,68.7,23.5,9.55,0.49,85.0,25.6,4,Low,7.67
62.7,67.7,19.0,7.47,-0.24,75.8,19.9,7,Medium,5.85
86.0,74.4,20.3,7.11,-0.93,67.6,22.6,2,Medium,5.35
80.0,68.4,20.0,8.01,-0.26,80.3,25.3,3,Low,5.9
75.2,59.5,17.5,6.93,0.71,56.2,24.9,3,Medium,5.68
61.7,62.0,19.5,7.43,-0.18,63.8,22.2,9,Medium,6.13
73.5,70.6,18.2,6.49,-0.04,61.3,17.4,6,Medium,5.46
84.1,72.0,21.1,7.59,-0.65,74.6,20.8,3,Low,6.33
49.0,39.5,13.5,6.3,-0.28,33.5,19.7,8,High,4.61
82.4,93.8,20.2,7.41,0.04,74.5,24.2,3,Low,6.27
68.3,44.3,18.0,6.68,0.35,75.6,21.0,6,Medium,5.58
65.7,65.7,18.8,7.45,-0.23,72.1,21.3,8,Medium,5.71
61.5,70.2,21.6,7.12,-0.27,73.3,24.9,7,Medium,6.19
83.9,42.4,18.4,6.37,0.56,56.8,21.4,3,Medium,5.5
77.6,78.9,19.0,7.79,0.25,56.2,26.7,1,Medium,6.62
74.0,65.7,19.6,7.83,0.32,59.1,23.4,5,Medium,6.64
35.0,37.3,8.5,4.45,0.97,31.9,6.8,9,High,4.0
84.5,73.6,23.2,6.77,-0.25,93.2,20.9,2,Low,5.94
78.2,82.2,18.0,6.39,0.02,44.2,19.9,4,Medium,5.74
84.7,80.6,22.2,7.77,0.38,82.5,27.8,2,Low,6.69
78.4,73.0,19.6,8.21,-0.47,66.7,27.7,3,Low,6.28
78.6,62.9,22.6,7.84,0.19,76.6,24.6,3,Low,6.03
73.0,85.9,20.0,6.93,0.06,63.2,19.9,4,Medium,5.59
55.0,51.8,11.7,6.05,1.72,35.3,14.4,7,High,4.42
89.1,100.0,25.5,8.4,0.11,89.2,29.5,2,Low,7.16
78.5,91.0,24.2,7.27,0.74,84.2,19.0,4,Low,6.74
85.8,60.1,21.6,6.79,0.55,78.7,23.3,4,Low,6.21
78.5,65.2,19.8,6.49,-0.64,56.7,29.0,1,Medium,5.88
86.3,68.0,21.3,9.44,-0.88,84.6,25.3,3,Low,7.33
70.0,64.0,20.0,8.07,0.2,78.4,18.5,5,Medium,6.03
48.2,47.8,12.3,5.64,0.8,48.6,10.1,8,High,4.66
56.5,55.3,15.8,7.47,0.22,56.2,26.3,6,High,6.09
77.5,81.4,24.3,7.86,0.1,86.0,24.4,4,Low,7.26
99.0,100.0,24.6,9.06,-0.12,85.8,26.1,0,Low,7.04
92.8,93.6,26.1,8.64,-0.74,97.1,26.5,1,Low,7.2
64.0,53.7,13.3,5.78,-0.53,46.4,16.5,6,High,4.64
63.4,51.1,18.1,7.59,-0.92,66.5,14.9,5,Medium,5.44
83.0,75.6,20.5,7.66,-0.61,60.7,26.5,5,Low,5.65
86.6,82.8,26.8,8.98,-0.27,95.0,26.5,2,Low,7.66
74.1,66.2,16.9,7.06,0.52,56.3,23.9,4,Medium,5.39
52.6,36.2,15.5,6.78,-0.22,60.5,17.6,10,High,4.71
48.6,53.1,18.1,7.67,0.2,71.4,18.4,11,High,6.32
77.9,67.3,18.8,9.06,0.13,66.6,18.2,2,Medium,6.79
81.5,70.0,20.1,8.36,0.35,73.3,27.4,2,Low,6.44
97.1,87.0,24.1,8.37,-0.57,85.4,24.3,0,Low,6.64
88.6,77.9,23.0,7.79,0.69,82.5,22.8,1,Low,6.73
62.9,54.8,19.0,7.14,-0.79,73.0,18.3,7,Medium,5.81
53.2,37.4,13.2,5.33,-0.22,52.1,9.8,7,High,4.26
89.5,79.9,21.7,8.24,0.04,74.6,24.3,3,Low,6.23
83.6,83.1,18.7,6.51,0.51,76.4,20.9,3,Low,5.64
77.6,73.6,25.9,8.28,0.88,94.3,22.8,5,Low,7.49
79.8,82.3,27.2,9.25,0.51,98.0,20.4,2,Low,7.77
94.4,78.0,26.6,8.52,0.9,94.0,30.0,0,Low,7.79
83.6,63.3,20.1,7.14,-0.45,73.3,24.8,4,Low,5.6
81.1,71.5,24.2,7.4,0.76,81.7,20.9,4,Low,7.0
51.5,42.6,17.1,7.77,0.66,60.2,16.9,8,High,6.01
76.6,65.0,20.4,6.95,-1.39,77.7,24.6,4,Medium,5.5
85.6,79.8,23.9,7.77,-0.08,84.3,24.0,2,Low,6.57
87.5,74.4,26.8,7.46,0.41,89.0,21.0,2,Low,7.19
86.5,66.0,18.8,7.22,-0.26,59.8,24.0,1,Medium,5.83
53.6,45.0,17.7,6.82,-0.6,74.2,14.6,6,High,5.57
47.5,48.7,13.7,6.43,1.32,51.9,14.1,10,High,5.31
54.2,57.8,13.6,5.47,0.12,40.4,16.2,7,High,4.19
70.6,71.6,17.9,7.59,0.13,65.8,25.0,6,Medium,5.93
86.0,82.4,21.9,6.53,-0.74,73.0,29.4,3,Low,5.65
82.2,73.2,19.6,7.33,-0.32,67.9,27.7,3,Low,6.19
81.6,78.4,27.4,8.9,-0.49,98.0,25.1,2,Low,7.46
99.0,88.7,28.1,9.0,0.7,95.4,35.0,0,Low,7.9
65.3,61.7,21.4,7.83,0.35,73.3,22.8,5,Medium,7.1
83.0,66.1,23.6,8.68,-0.29,93.1,22.4,5,Low,7.42
91.2,83.0,25.2,9.35,0.39,77.1,27.9,3,Low,7.38
70.1,68.4,20.3,7.41,-0.1,71.2,19.5,4,Medium,6.31
85.8,81.3,23.0,7.33,0.19,85.4,20.5,2,Low,6.56
84.6,64.0,21.6,8.15,0.19,81.1,21.5,1,Low,6.31
99.0,90.1,23.5,7.91,0.3,88.8,26.9,0,Low,6.71
94.3,70.7,27.3,9.7,0.23,98.0,30.9,1,Low,7.81
75.5,70.9,16.7,6.45,0.3,71.7,24.5,6,Medium,4.55
59.9,48.9,14.1,5.78,0.8,42.8,14.0,9,High,4.61
89.2,97.9,30.0,9.4,0.43,91.5,26.4,3,Low,8.12
65.1,61.5,19.0,6.06,-0.15,67.6,20.5,5,Medium,4.91
60.5,64.4,18.5,6.86,-0.01,56.0,19.6,5,Medium,5.58
57.9,75.3,20.0,7.24,0.79,57.1,21.2,8,High,5.48
85.0,69.1,19.0,7.43,0.12,70.2,22.9,3,Low,5.96
70.6,69.3,16.8,6.18,-0.17,63.3,23.9,5,Medium,5.02
95.1,73.9,23.9,7.57,-0.33,94.1,26.2,0,Low,6.71
92.2,86.8,23.3,8.88,0.21,88.3,29.5,2,Low,6.74
74.9,86.3,22.2,7.86,-0.46,91.3,21.8,3,Low,7.05
82.0,68.5,23.5,8.71,0.82,85.6,25.4,3,Low,7.7
74.3,59.3,23.6,7.74,-0.57,73.6,17.9,3,Low,6.32
85.0,76.3,25.4,8.42,0.94,93.8,22.9,5,Low,7.73
99.0,100.0,25.3,8.59,-0.12,97.5,27.5,0,Low,7.47
77.8,78.8,21.4,8.94,-0.6,80.4,25.0,4,Low,6.75
82.6,66.1,20.5,7.41,0.16,82.5,31.8,1,Low,5.96
76.2,84.3,19.9,7.34,-0.52,69.6,21.4,4,Low,5.76
88.6,63.7,19.9,8.22,0.07,76.1,21.7,3,Low,7.24
59.8,77.2,23.1,7.77,-0.3,79.0,25.2,8,High,6.91
73.8,76.3,21.4,7.93,0.62,92.5,26.0,5,Medium,6.5
37.6,54.6,12.6,6.81,0.13,54.7,11.5,10,High,4.86
66.1,44.7,18.7,6.82,-0.66,58.1,21.5,5,Medium,5.73
95.3,87.7,27.5,9.08,-0.31,98.0,30.6,0,Low,7.93
53.0,48.7,18.2,8.37,0.47,62.7,20.1,10,High,6.11
84.7,67.0,20.7,8.25,0.82,74.7,26.1,3,Low,6.75
72.0,53.3,20.2,7.71,0.02,75.4,20.3,5,Medium,6.06
76.8,75.3,19.6,7.23,-0.58,73.1,24.0,5,Low,5.85
83.0,81.5,23.0,7.59,0.68,82.9,22.6,4,Low,6.56
68.7,76.4,20.6,6.89,0.47,63.6,12.7,5,Medium,6.21
56.2,47.7,16.3,7.85,0.83,64.8,20.1,8,High,5.88
82.8,73.9,23.1,8.95,0.22,90.3,20.6,2,Low,7.24
82.9,61.6,23.9,7.71,-0.26,89.7,27.2,1,Low,6.07
65.4,76.0,18.4,7.4,0.36,57.1,17.3,7,Medium,5.99
61.4,57.9,18.1,7.2,0.25,60.6,12.3,6,Medium,5.54
65.2,67.7,17.3,7.79,-0.29,56.6,15.8,5,Medium,5.44
49.8,54.9,22.7,8.22,0.17,82.3,18.7,8,High,7.1
76.0,84.2,20.1,7.47,-0.07,60.4,23.2,3,Low,6.06
75.9,61.2,18.8,6.87,0.5,58.5,17.7,5,Medium,5.12
87.2,86.1,26.8,8.95,0.35,88.3,23.2,3,Low,7.43
90.0,81.3,23.6,7.89,-0.58,69.4,25.6,1,Low,6.62
65.0,81.3,22.4,8.06,-0.64,78.7,24.3,4,Medium,6.56
92.0,74.8,24.9,8.32,-0.0,71.7,22.9,2,Low,6.93
49.4,58.7,14.6,6.21,0.07,56.7,17.5,5,High,4.0
43.8,45.7,11.7,5.26,0.51,40.4,9.0,10,High,4.0
96.8,90.3,24.7,8.68,0.36,82.1,28.8,2,Low,7.57
86.0,78.7,22.8,8.01,0.93,76.6,27.4,2,Low,7.2
88.8,93.9,25.1,9.65,-0.23,89.0,29.1,3,Low,7.54
77.9,73.9,19.9,6.72,-0.26,73.2,25.1,2,Low,6.16
78.0,56.0,20.2,7.95,-0.53,81.8,26.4,6,Low,5.81
49.6,59.4,13.0,6.12,0.5,55.6,21.8,10,High,4.42
83.5,86.3,25.8,9.8,0.06,98.0,27.1,3,Low,8.17
84.1,82.3,26.1,8.97,-1.06,95.7,31.4,2,Low,7.57
58.8,43.7,14.3,6.65,0.17,54.4,15.7,6,High,5.02
88.7,70.6,21.7,7.72,0.21,73.0,24.6,2,Low,6.11
89.4,62.2,23.5,7.62,-0.04,78.1,24.9,3,Low,6.23
80.2,77.8,25.8,8.75,0.23,93.6,21.8,2,Low,7.22
74.7,55.0,23.6,7.15,-0.68,73.3,15.0,4,Medium,5.92
63.7,42.0,13.3,5.31,1.03,49.5,20.4,7,High,4.4
52.2,62.1,18.9,7.97,0.28,68.7,16.2,9,High,6.2
45.0,50.9,14.0,5.14,-1.01,44.4,13.1,10,High,4.0
84.1,73.1,22.9,7.77,0.05,72.2,29.2,1,Low,6.46
82.1,73.4,23.9,7.45,0.29,98.0,25.4,4,Low,5.82
61.5,33.2,14.5,6.18,-0.62,43.3,23.7,6,High,4.79
39.8,48.0,15.8,6.82,0.37,57.3,15.7,9,High,5.5
85.0,70.3,26.5,9.35,1.06,98.0,28.2,2,Low,7.67
54.4,54.6,19.8,8.29,-0.34,75.8,19.0,5,High,6.18
84.2,51.7,16.7,6.22,0.31,55.9,20.1,3,Medium,5.17
91.3,92.4,25.2,8.1,0.18,78.5,27.8,1,Low,7.05
42.1,33.2,7.4,7.99,0.63,37.6,15.9,8,High,5.17
93.6,70.8,22.6,7.77,-0.02,60.4,28.1,1,Low,6.3
65.3,57.1,12.3,5.44,-0.59,46.6,16.6,5,High,4.0
61.5,51.3,18.3,6.65,0.59,64.8,18.5,6,Medium,5.49
71.6,76.6,21.6,7.58,-0.55,83.0,21.7,2,Medium,5.92
77.8,66.9,20.3,7.24,1.14,63.3,25.9,2,Medium,6.09
82.2,88.5,21.9,7.65,0.39,74.3,22.7,3,Low,6.14
81.8,77.9,23.7,8.14,-0.31,85.8,28.1,3,Low,6.91
69.6,73.1,17.8,7.05,0.72,65.5,18.3,6,Medium,5.45
84.9,77.1,20.7,6.93,0.04,62.6,24.4,2,Low,5.96
69.0,76.4,17.5,7.27,-0.08,59.1,19.1,5,Medium,6.08
79.3,60.9,20.6,7.67,-0.36,82.9,26.8,3,Low,6.31
89.7,82.4,23.3,8.42,-1.08,83.8,23.8,1,Low,6.81
57.9,50.2,15.5,5.44,0.41,42.6,14.8,7,High,4.2
92.5,97.6,27.8,9.0,-0.93,98.0,23.7,1,Low,7.99
93.8,99.8,29.3,7.78,-0.43,86.3,26.5,2,Low,7.55
97.0,87.5,30.0,9.18,0.31,98.0,30.2,3,Low,8.09
82.5,62.2,22.0,8.29,-0.25,82.0,26.2,2,Low,6.56
63.6,63.3,19.4,8.08,0.14,78.9,20.7,7,Medium,6.1
48.6,29.7,13.6,6.53,-0.68,34.8,14.6,9,High,5.25
85.9,94.3,20.8,8.09,-0.16,79.5,24.3,4,Low,6.67
61.3,52.4,16.3,6.58,0.15,64.9,18.2,7,Medium,5.0
87.8,79.3,23.2,7.7,-0.52,76.6,25.8,1,Low,6.79
54.1,44.2,14.0,8.25,1.06,56.3,20.2,6,High,6.29
85.1,68.3,22.7,8.54,-0.33,59.2,30.8,3,Low,6.86
81.5,81.6,22.6,7.13,0.88,58.4,23.3,2,Low,6.24
48.1,44.3,11.7,4.74,-0.05,50.1,15.4,10,High,4.0
85.2,77.9,23.2,7.73,-0.89,76.6,24.8,3,Low,6.63
79.6,62.6,19.7,8.25,-0.63,69.3,23.2,4,Medium,6.21
78.7,80.5,16.1,6.78,0.16,60.2,23.4,2,Medium,5.15
71.0,74.9,17.3,5.41,0.67,56.6,18.0,6,Medium,4.82
85.8,75.9,23.7,8.03,1.11,79.3,24.9,4,Low,6.72
57.0,66.1,20.3,7.52,0.13,74.6,22.8,7,High,6.57
83.0,74.5,16.8,5.2,-0.66,47.1,19.7,2,Medium,4.74
85.2,85.2,22.0,7.85,0.22,85.3,25.9,2,Low,6.54
91.3,66.3,24.8,7.64,-0.45,83.2,18.2,2,Low,6.41
94.6,89.0,28.3,7.71,0.29,87.8,25.7,0,Low,6.98
50.3,45.1,13.6,7.42,-0.51,45.0,16.5,9,High,4.98
85.4,79.2,22.0,7.09,-1.2,76.1,24.3,5,Low,5.59
59.7,56.9,20.3,7.06,0.84,69.0,18.5,7,High,6.12
80.4,74.6,24.4,7.8,-0.09,73.1,24.3,3,Low,6.56
51.3,54.8,17.8,7.06,0.08,59.6,16.6,9,High,5.42
67.0,56.3,17.4,8.23,0.65,59.5,23.1,7,Medium,6.01
80.2,78.8,25.5,7.64,1.18,95.6,18.5,3,Low,7.26
54.2,63.4,12.0,5.78,0.48,46.0,17.0,8,High,4.14
75.1,54.8,22.7,8.05,0.11,90.7,20.4,5,Low,7.05
88.6,72.5,23.6,7.52,0.33,76.1,28.5,1,Low,6.48
84.9,69.7,23.2,7.82,-0.13,78.5,21.8,3,Low,6.25
73.1,56.2,17.3,7.39,0.07,65.9,25.0,3,Medium,5.85
78.7,67.1,17.0,6.39,0.14,64.6,21.8,3,Medium,5.45
74.0,78.2,21.8,7.57,-0.42,81.3,16.9,6,Medium,6.03
81.2,88.5,25.1,8.1,0.06,80.2,21.7,4,Low,7.0
94.5,86.4,27.7,8.8,0.27,89.1,30.1,1,Low,7.76
84.7,73.8,24.6,8.49,0.36,83.5,27.8,5,Low,7.2
76.3,77.8,22.9,8.4,0.31,91.2,19.9,2,Low,6.79
47.0,21.3,9.9,6.96,-0.75,34.5,21.5,9,High,4.77
90.4,71.3,25.9,6.69,0.79,82.2,24.2,2,Low,6.41
86.6,55.4,19.4,7.25,0.74,74.0,26.9,0,Medium,5.83
92.9,73.3,27.4,7.86,-0.01,97.1,22.5,1,Low,6.63
80.3,65.6,21.5,7.47,0.32,79.0,22.0,2,Low,5.8
76.4,84.7,22.4,8.52,-0.08,80.4,25.2,3,Low,6.93
68.9,36.0,19.4,8.2,0.5,63.4,21.3,5,Medium,6.42
71.2,61.4,22.2,8.75,-0.44,74.9,14.6,3,Medium,7.15
84.6,83.1,25.8,9.4,0.86,98.0,25.9,2,Low,8.15
73.1,71.3,18.8,7.13,0.47,72.4,15.8,2,Medium,5.76
73.0,81.6,23.6,9.1,0.49,74.9,20.8,5,Medium,7.64
57.1,55.1,14.6,7.6,-0.01,62.3,15.2,7,High,5.35
82.2,78.6,25.1,8.49,-0.8,96.3,28.4,3,Low,7.01
75.7,51.0,16.1,7.58,0.58,60.8,27.1,5,Medium,5.71
61.0,47.0,16.5,6.86,-0.78,62.9,20.2,6,Medium,5.68
56.1,34.8,12.8,7.14,0.59,57.3,18.0,7,High,4.8
79.6,78.4,24.8,8.23,-0.41,81.0,24.3,2,Low,6.96
68.6,66.8,22.5,7.5,-0.9,94.3,24.7,2,Medium,6.04
51.1,51.6,15.8,5.92,0.05,64.7,10.4,8,High,4.73
78.3,62.8,21.5,7.63,0.76,79.2,20.0,3,Low,6.34
41.1,30.2,13.6,6.35,-0.53,50.5,18.0,12,High,4.7
83.2,77.8,26.0,7.91,1.01,92.1,28.1,4,Low,7.52
69.2,57.2,19.1,7.13,0.44,56.9,22.8,5,Medium,6.4
74.2,57.9,18.7,6.87,0.14,80.8,18.5,4,Medium,5.82
72.7,61.7,21.6,7.01,-0.21,82.5,24.5,6,Medium,5.72
88.0,73.2,19.0,8.02,-0.17,79.6,29.5,3,Low,6.16
80.0,64.3,23.8,9.02,0.31,85.0,27.4,5,Low,7.41
73.9,55.6,18.0,7.82,0.56,63.4,15.2,3,Medium,5.97
40.7,44.1,12.3,5.99,-0.31,41.6,14.9,11,High,4.3
38.1,52.9,15.4,6.6,-0.43,62.0,16.5,10,High,5.01
51.8,48.6,14.2,5.65,-0.08,47.4,14.6,8,High,4.68
68.8,65.7,21.2,7.99,0.89,74.2,22.5,5,Medium,6.75
76.2,75.1,24.6,8.42,-0.68,89.5,22.3,4,Low,6.81
85.7,81.5,24.2,9.8,0.74,82.8,24.6,3,Low,8.0
42.2,32.4,13.0,6.94,0.08,57.5,20.4,10,High,5.47
65.7,78.0,19.8,7.64,-0.94,70.5,21.6,6,Medium,5.56
84.8,69.5,23.1,8.01,-0.23,70.2,21.6,0,Low,6.54
81.7,80.9,20.4,8.24,0.42,68.9,20.5,3,Low,6.42
91.3,87.9,24.7,7.69,1.13,93.8,23.1,3,Low,6.92
73.0,47.4,15.7,7.48,-0.75,52.4,19.5,4,Medium,4.95
88.6,76.7,21.8,7.04,-1.64,81.5,24.8,4,Low,6.2
84.1,77.0,18.3,6.76,-0.74,65.6,24.7,3,Medium,5.42
54.5,52.7,16.7,5.57,0.73,56.7,18.0,6,High,4.93
92.2,86.4,29.7,9.68,-1.03,98.0,26.0,1,Low,8.21
84.6,84.5,22.8,8.16,0.95,71.3,27.8,2,Low,6.74
49.3,46.8,17.0,6.53,0.78,55.5,20.4,8,High,5.56
82.9,79.0,26.0,7.92,0.16,88.6,23.6,1,Low,7.03
72.5,66.1,17.3,7.94,-0.33,81.3,19.5,5,Medium,5.36
57.5,43.7,13.4,6.16,0.08,49.7,18.0,7,High,4.62
88.3,80.4,26.8,8.18,0.42,93.3,32.2,3,Low,7.2
60.9,64.3,17.9,8.42,0.33,64.6,17.9,5,Medium,6.54
74.2,79.1,18.5,6.72,1.09,67.6,19.8,5,Medium,6.44
44.6,48.3,12.3,6.85,-0.11,46.2,16.4,10,High,4.95
53.3,63.6,17.7,6.24,-0.73,67.0,18.7,9,High,5.67
83.7,80.3,21.5,7.49,-0.84,80.6,18.1,2,Low,5.94
68.3,71.7,13.1,6.55,-0.96,48.1,24.1,6,High,4.49
39.2,47.7,12.1,5.97,0.17,37.8,18.1,11,High,4.35
88.0,77.6,23.5,8.27,-0.09,82.9,24.5,0,Low,6.98
87.1,86.3,24.6,7.93,0.07,94.5,33.3,2,Low,6.67
80.5,64.0,24.8,7.22,-0.27,78.0,26.8,3,Low,6.01
68.7,66.9,19.9,8.47,-0.62,74.9,26.1,5,Medium,6.46
79.0,77.9,23.1,7.69,0.42,71.5,27.0,4,Low,6.28
75.3,79.5,24.6,8.5,-1.43,78.5,27.2,5,Low,7.21
81.4,82.4,23.3,8.56,-0.43,91.4,24.9,5,Low,7.11
66.3,72.0,25.0,8.61,0.52,92.2,21.9,5,Medium,7.09
86.5,77.5,20.6,7.08,-0.49,74.3,21.2,3,Low,6.0
75.8,66.0,18.6,8.02,0.29,51.8,21.5,6,Medium,6.07
77.8,68.3,23.0,8.38,-0.43,77.3,23.1,2,Low,6.79
83.9,78.9,26.5,8.81,-0.22,96.2,25.9,3,Low,7.45
51.9,31.0,13.3,6.37,0.39,39.9,21.8,6,High,4.7
82.4,88.3,21.4,8.9,-0.72,75.1,19.2,6,Low,7.07
83.5,76.4,27.5,8.34,0.5,98.0,29.1,3,Low,7.14
66.5,57.4,16.6,7.13,0.08,50.1,17.5,6,Medium,5.66
50.4,22.6,13.7,5.95,0.8,38.6,15.9,6,High,4.78
78.6,71.5,25.2,7.06,0.17,74.1,20.5,3,Low,6.1
82.5,73.2,21.6,6.39,-0.59,75.6,28.1,2,Low,5.4
58.3,45.6,14.6,5.77,1.09,48.5,15.9,9,High,4.44
58.8,48.3,15.1,6.1,-0.54,60.5,19.5,8,High,4.62
76.8,70.0,23.7,9.66,-0.09,86.5,27.1,2,Low,7.6
78.3,65.7,24.0,8.69,0.62,97.8,21.0,4,Low,6.98
70.7,70.8,20.5,8.11,-1.08,64.9,22.2,3,Medium,6.55
89.0,73.1,28.6,8.59,0.91,98.0,29.9,0,Low,8.06
95.0,87.3,26.2,8.64,-0.64,85.0,24.9,1,Low,7.62
82.9,87.3,27.1,9.8,-0.22,98.0,29.2,4,Low,7.27
61.1,56.6,16.5,5.97,0.22,58.8,17.2,7,Medium,5.48
66.7,65.2,25.1,8.71,0.02,80.6,26.0,8,Medium,7.33
86.1,81.1,27.9,9.8,0.52,96.7,32.5,3,Low,8.25
43.8,42.3,12.9,6.85,-0.91,50.5,10.1,10,High,4.77
78.7,71.3,25.5,9.73,0.49,86.5,21.8,2,Low,7.54
88.5,74.5,27.4,8.96,0.53,98.0,25.4,3,Low,7.85
74.6,69.9,24.9,8.79,0.67,80.1,28.4,2,Low,7.85
76.8,67.4,15.0,6.63,-0.9,69.9,23.4,6,Medium,4.97
74.4,83.7,23.9,8.55,-0.83,90.7,19.9,5,Low,6.63
70.9,73.4,22.0,7.19,-0.16,78.4,23.4,8,Medium,5.71
53.3,35.8,15.6,7.22,-0.77,78.2,15.5,8,High,5.24
49.4,33.0,14.1,6.59,-1.03,50.4,19.4,10,High,4.57
81.8,73.2,23.2,8.1,-0.18,85.4,26.1,3,Low,6.92
92.8,80.0,28.3,9.8,0.19,98.0,25.7,1,Low,8.62
48.5,44.4,15.6,6.48,1.73,62.3,16.3,7,High,5.45
70.8,71.7,21.0,8.5,0.38,86.3,26.6,3,Medium,6.73
58.5,57.9,20.0,8.38,1.1,76.7,14.9,7,High,6.66
60.9,59.8,18.8,7.84,0.02,75.6,21.3,6,Medium,6.14
69.9,78.9,22.2,7.19,0.39,72.6,17.9,4,Medium,5.91
89.9,67.5,28.2,9.23,-0.04,96.1,27.2,1,Low,8.07
69.1,64.8,18.5,8.57,1.66,80.5,24.1,5,Medium,6.39
39.3,32.6,7.9,4.0,-0.36,34.3,17.9,9,High,4.0
75.6,83.6,22.5,7.79,-0.28,80.2,22.9,4,Low,6.37
75.1,46.7,19.8,8.24,0.53,66.6,27.8,3,Medium,6.74
42.5,20.0,13.1,6.11,0.17,55.5,12.5,10,High,4.19
94.4,88.3,26.3,9.19,-0.2,86.6,26.5,0,Low,7.87
68.8,74.8,22.3,8.87,0.63,72.5,24.8,4,Medium,7.51
52.8,57.6,22.4,8.06,0.03,79.5,19.8,5,High,6.29
82.5,67.1,24.2,8.6,0.02,68.2,24.2,3,Low,7.09
87.7,94.6,27.8,8.96,0.19,98.0,25.5,4,Low,7.85
94.3,72.8,24.5,8.49,-0.99,88.1,31.2,3,Low,7.06
94.4,98.3,23.4,9.56,-0.91,82.2,27.6,1,Low,7.28
66.6,50.7,12.3,6.01,0.7,44.6,16.1,3,High,4.4
76.3,66.3,19.7,7.17,-0.36,68.8,19.8,5,Medium,5.91
59.0,61.5,11.1,6.56,-0.03,38.7,20.5,7,High,4.67
82.9,60.8,23.1,7.44,1.02,80.8,30.6,2,Low,6.39
83.8,90.9,23.4,7.66,-0.0,79.1,22.7,4,Low,6.33
83.4,72.3,19.5,6.95,-0.08,69.3,29.8,4,Low,6.08
79.7,74.1,22.6,7.76,0.59,77.7,23.6,6,Low,6.64
69.7,75.9,18.8,7.09,-0.31,64.3,20.2,3,Medium,5.05
82.5,67.2,23.4,8.57,0.77,84.5,22.4,1,Low,7.47
74.7,79.1,23.6,7.88,0.58,87.2,22.3,3,Low,6.61
55.8,68.8,15.8,7.21,1.15,55.0,16.4,7,High,5.64
39.8,32.2,11.1,6.45,-0.36,46.9,12.4,12,High,4.57
64.8,73.8,20.1,7.03,0.87,74.0,15.1,5,Medium,5.58
79.5,55.0,17.2,7.54,0.38,54.2,28.7,3,Medium,5.75
52.0,53.1,16.2,7.41,-0.75,66.9,21.5,8,High,5.85
77.8,58.9,17.1,5.71,-1.51,73.8,21.7,5,Medium,4.93
98.5,98.1,29.0,9.32,-0.43,98.0,28.5,0,Low,7.9
77.8,79.7,21.3,7.35,0.23,73.1,22.8,5,Low,6.39
77.2,91.4,19.6,8.31,0.31,70.0,21.5,3,Low,6.73
97.7,100.0,26.1,8.23,0.01,94.0,24.1,0,Low,7.39
79.6,71.0,20.7,6.65,0.02,74.7,24.5,5,Low,5.42
84.6,66.1,25.2,8.4,-0.03,76.2,24.5,2,Low,7.59
73.5,73.1,21.5,7.11,0.67,68.4,22.7,3,Medium,6.04
83.5,75.4,20.7,8.18,-0.81,77.8,19.9,1,Low,6.41
75.8,84.9,26.6,8.1,0.21,89.6,22.4,4,Low,7.08
98.6,67.1,26.7,8.68,-0.44,83.9,24.7,0,Low,7.45
94.7,100.0,26.2,9.69,-0.49,98.0,30.1,1,Low,7.58
44.8,48.4,10.0,6.41,0.76,35.3,18.7,9,High,4.43
54.3,43.0,14.2,6.73,-0.54,53.3,22.2,9,High,4.99
50.0,54.8,14.8,6.43,-0.03,53.2,14.8,8,High,5.28
88.7,93.4,26.4,8.9,1.23,84.0,23.3,0,Low,8.02
80.2,74.3,23.9,8.67,0.55,85.6,23.6,4,Low,7.53
72.3,48.8,20.9,6.95,-0.22,75.3,19.3,7,Medium,6.13
57.4,50.8,12.4,6.66,-0.17,44.7,19.6,7,High,5.27
99.0,99.5,28.3,8.22,-0.69,93.3,23.5,0,Low,7.23
58.6,59.8,16.9,7.31,0.83,66.3,14.1,6,High,5.71
60.7,55.0,24.0,7.43,0.66,68.3,18.8,6,Medium,6.56
78.1,84.5,23.0,9.39,0.46,77.2,27.5,4,Low,7.43
90.7,89.5,23.9,8.72,0.53,85.9,23.7,3,Low,6.83
85.8,86.1,24.6,7.22,-0.41,79.6,26.7,3,Low,6.49
87.1,74.9,23.6,8.13,-0.88,78.7,26.5,4,Low,6.83
60.2,51.1,12.0,5.63,0.39,51.0,22.2,7,High,4.19
60.4,39.4,17.0,6.48,0.58,56.3,16.2,5,High,4.82
65.8,58.3,17.7,7.15,1.01,77.8,15.6,4,Medium,5.8
54.6,60.8,16.6,6.2,-0.07,46.7,19.1,9,High,4.67
70.9,63.3,17.6,7.57,-0.16,49.1,22.7,6,Medium,5.94
82.6,79.7,20.5,8.05,-0.09,79.7,25.1,1,Low,6.44
60.4,67.5,20.5,7.8,0.45,66.0,17.1,6,Medium,6.42
55.3,55.7,19.2,7.3,-0.12,61.5,21.0,7,High,5.57
79.5,77.3,23.5,8.58,0.02,90.0,22.7,3,Low,7.39
74.8,55.0,15.3,7.16,0.55,53.8,22.7,3,Medium,5.5
82.4,71.8,23.8,8.48,-0.33,89.9,23.6,2,Low,6.71
70.7,82.3,16.8,5.96,0.88,54.7,20.9,4,Medium,5.24
71.4,66.7,18.5,6.65,0.43,67.7,17.2,3,Medium,5.58
60.6,75.5,21.1,7.48,-1.06,70.5,21.4,8,Medium,6.56
67.1,54.8,20.1,6.45,-0.26,62.7,21.8,6,Medium,5.38
93.5,86.8,26.9,8.89,-1.16,98.0,27.9,1,Low,7.06
74.7,64.7,23.9,9.17,-0.07,93.1,29.4,2,Low,7.45
82.5,81.0,24.7,9.21,-0.25,82.6,26.5,3,Low,7.74
87.7,88.5,19.8,7.95,0.55,70.1,28.1,3,Low,7.02
49.5,53.1,14.2,6.92,-0.48,64.0,17.5,8,High,6.01
73.4,77.8,21.3,9.26,0.28,71.3,26.8,3,Medium,6.72
75.5,69.0,20.7,8.19,0.39,67.8,18.8,4,Low,6.53
83.4,74.0,21.4,8.37,0.2,79.9,25.1,3,Low,6.36
92.2,65.8,21.3,6.7,0.73,88.9,21.3,0,Low,5.87
77.9,77.6,28.2,9.8,1.29,98.0,26.2,5,Low,9.08
36.1,37.4,10.5,6.01,0.12,48.8,14.9,9,High,4.02
82.8,74.7,28.8,9.02,0.29,91.4,28.1,2,Low,7.9
76.3,67.9,18.3,6.93,-0.48,67.7,23.5,5,Medium,5.37
44.7,42.7,15.1,6.19,-0.56,52.2,14.5,9,High,4.49
77.2,68.3,21.9,8.7,0.67,91.9,22.1,5,Low,7.51
91.3,77.3,22.3,7.87,0.59,89.4,18.9,3,Low,6.2
85.0,79.7,22.5,7.57,-0.57,94.1,24.6,1,Low,6.3
86.3,83.2,24.2,7.69,-0.73,78.2,28.2,3,Low,6.58
76.7,62.5,18.7,7.35,-0.34,67.3,22.9,5,Medium,5.79
90.7,78.1,23.9,7.94,-0.03,85.5,25.6,1,Low,6.67
90.4,79.8,18.7,6.83,-0.2,61.6,24.9,1,Low,6.02
55.2,51.9,17.9,6.11,0.15,63.1,16.1,5,High,4.57
84.5,75.5,26.3,9.3,0.6,98.0,26.9,4,Low,7.93
54.4,57.8,17.5,6.92,0.33,59.1,16.9,5,High,5.69
59.4,39.0,21.5,6.98,0.37,69.1,16.4,8,High,6.13
83.4,61.2,23.6,7.94,-1.42,76.6,24.3,1,Low,6.28
89.7,83.2,27.7,9.25,-0.92,86.5,27.0,3,Low,8.05
50.7,42.1,17.6,7.05,-0.43,69.3,23.2,9,High,5.83
73.3,76.2,14.4,6.58,-0.33,48.6,18.7,6,Medium,4.68
91.0,94.1,27.0,8.77,0.55,87.4,26.4,1,Low,7.28
75.8,71.7,17.9,6.19,-0.48,66.3,20.3,2,Medium,4.73
64.6,49.2,14.6,7.14,0.45,55.2,18.9,4,Medium,5.41
71.3,76.2,18.4,5.98,-0.42,59.9,21.6,6,Medium,5.09
75.8,71.4,20.6,7.9,-0.67,79.1,29.8,5,Low,6.15
81.7,59.6,23.1,8.47,-0.64,77.7,23.9,4,Low,7.41
52.2,35.4,15.3,6.45,1.4,40.5,18.7,8,High,5.09
91.1,97.6,26.2,8.85,-0.43,98.0,21.3,2,Low,7.47
45.3,57.0,16.5,6.64,0.46,53.7,14.9,9,High,5.26
75.8,44.3,21.1,7.93,-0.88,70.0,27.8,4,Medium,6.85
80.0,59.5,22.3,8.58,0.9,74.5,24.5,2,Low,6.47
82.9,86.9,19.6,6.83,0.26,68.8,24.6,2,Low,5.65
51.8,48.8,13.4,6.72,0.21,49.0,15.5,12,High,5.13
50.2,54.7,15.5,7.82,0.3,65.9,19.2,8,High,5.7
78.3,70.9,23.6,8.31,0.36,94.2,29.0,1,Low,6.6
51.4,55.2,12.3,5.71,0.54,41.2,12.6,8,High,4.43
62.0,57.7,17.7,8.64,-0.31,60.4,28.1,5,Medium,5.89
61.4,52.8,13.4,6.31,-0.34,46.4,14.0,7,High,4.85
75.4,79.7,24.5,8.45,0.08,88.6,22.3,3,Low,6.98
56.3,54.9,17.1,7.12,0.46,61.4,16.2,7,High,5.46
61.0,63.4,14.7,6.8,0.01,51.2,18.3,6,Medium,5.41
87.5,80.9,20.8,7.38,0.51,64.0,22.1,2,Low,5.92
75.4,64.2,21.7,7.91,0.42,61.0,20.3,3,Medium,6.11
82.7,91.3,27.6,9.53,-0.08,89.4,22.8,3,Low,7.72
82.1,78.3,20.3,7.26,-1.0,80.2,25.4,5,Low,6.42
97.1,83.9,28.2,8.67,-0.25,98.0,27.2,0,Low,7.3
77.2,83.4,21.2,7.48,1.1,73.0,21.4,5,Low,6.48
79.4,59.3,23.1,7.27,0.25,84.3,23.9,0,Low,6.6
81.0,96.2,26.0,8.08,-0.33,79.9,19.8,3,Low,6.76
88.0,78.0,24.5,7.78,0.2,84.5,26.1,2,Low,6.51
93.8,72.1,20.1,7.48,0.46,58.6,25.6,0,Low,6.2
80.3,92.3,25.5,9.07,-0.33,92.1,25.1,1,Low,7.53
87.1,74.4,24.9,9.38,0.79,90.2,28.5,2,Low,8.09
74.6,70.8,22.1,7.89,0.35,79.7,27.8,6,Low,6.36
81.7,81.7,23.7,8.47,-0.61,91.6,25.8,3,Low,6.81
81.9,86.5,21.5,7.91,0.56,81.4,23.6,4,Low,7.34
89.0,83.6,27.4,7.36,-0.2,83.0,21.3,3,Low,6.35
77.4,64.3,23.3,7.27,-0.06,88.1,15.5,7,Low,5.79
75.0,70.9,18.5,7.72,-0.56,65.7,23.1,3,Medium,5.55
74.8,64.4,23.9,8.78,0.43,70.7,20.2,3,Low,7.55
86.6,81.1,24.4,8.86,-0.04,85.3,18.6,2,Low,7.15
54.7,67.8,17.6,6.9,0.45,67.6,17.1,8,High,5.45
62.5,65.7,18.1,5.71,-0.28,54.9,18.8,3,Medium,4.65
96.8,89.3,26.4,7.92,-0.35,98.0,29.2,1,Low,7.24
73.4,74.8,24.6,7.7,-0.4,77.9,25.6,5,Medium,6.28
78.8,80.1,25.2,8.85,0.29,84.8,27.4,3,Low,7.24
54.8,40.8,17.7,6.79,-0.36,58.4,20.7,8,High,5.14
73.5,67.9,21.1,8.85,-0.07,64.9,19.4,5,Medium,6.13
83.6,100.0,27.3,9.8,-0.26,89.0,26.4,4,Low,7.91
71.4,77.8,19.0,8.46,0.31,65.1,24.7,5,Medium,6.47
59.6,50.6,18.2,6.5,-0.99,63.1,18.7,7,High,5.01
71.8,60.0,19.3,7.69,0.2,48.6,21.7,5,Medium,6.06
56.8,46.9,10.8,5.45,1.09,46.2,16.8,9,High,4.08
69.4,72.7,16.3,7.03,0.79,64.7,21.7,6,Medium,5.5
80.9,89.8,22.1,7.28,-0.32,84.7,23.1,4,Low,5.88
94.0,90.7,27.2,9.65,0.35,85.1,26.0,2,Low,7.74
53.3,51.9,14.1,5.83,0.23,49.0,11.5,10,High,4.61
75.9,65.1,19.4,5.99,0.93,72.9,20.2,3,Medium,4.99
72.3,69.7,22.5,9.35,-1.46,88.9,24.4,7,Medium,7.02
61.6,49.1,15.6,6.98,0.72,68.1,19.6,9,Medium,5.88
76.8,50.9,23.2,7.31,-0.11,80.4,25.5,3,Low,6.34
57.2,70.0,20.8,7.5,-0.4,72.9,22.7,7,High,5.61
56.7,43.1,15.7,6.28,-0.41,45.6,17.4,7,High,4.96
88.1,76.7,25.9,8.55,-0.73,97.0,25.8,3,Low,7.41
55.6,58.8,18.3,7.71,-0.32,63.3,21.0,5,High,5.71
89.3,95.3,25.1,8.85,-0.6,88.2,28.0,1,Low,7.18
65.0,62.8,20.9,7.8,0.16,73.8,19.7,6,Medium,6.11
76.0,57.7,22.8,7.99,0.4,63.1,25.2,4,Medium,6.59
56.0,49.6,13.7,7.06,-0.1,46.7,18.1,7,High,4.92
57.0,46.6,16.4,5.45,0.95,59.9,16.4,7,High,4.9
40.5,39.1,12.8,5.62,-0.28,46.7,15.3,11,High,4.72
49.3,59.2,17.7,6.37,-0.14,65.6,15.6,9,High,5.25
69.2,38.5,16.4,7.52,-0.23,66.5,21.8,7,Medium,5.21
82.7,71.2,21.1,7.15,0.41,67.6,24.4,4,Low,6.81
72.9,62.1,20.5,6.66,0.47,67.1,23.6,3,Medium,5.96
39.1,25.6,14.0,6.76,0.35,51.8,17.4,10,High,5.29
58.0,60.2,14.3,5.78,-0.02,56.9,18.2,7,High,4.53
77.9,57.0,18.0,6.86,-0.75,62.5,14.4,4,Medium,5.48
75.1,55.9,18.7,8.89,-0.14,57.7,24.9,5,Medium,6.51
81.7,83.0,22.5,8.47,0.94,78.5,26.1,3,Low,7.25
72.1,81.3,17.1,6.78,0.66,66.5,22.9,5,Medium,5.35
81.4,73.5,26.3,8.53,0.23,98.0,22.0,3,Low,7.5
83.7,64.0,21.9,8.44,-0.18,80.1,18.8,4,Low,7.02
73.5,60.4,19.4,7.81,0.04,59.4,25.0,4,Medium,6.52
62.1,67.9,22.7,8.01,-0.18,76.6,17.1,5,Medium,6.91
41.7,41.6,14.6,6.55,0.77,57.4,19.0,10,High,4.81
84.4,75.7,21.9,6.78,-0.45,81.0,21.6,3,Low,6.32
77.2,73.7,22.2,6.69,0.6,79.1,18.8,5,Low,6.21
78.6,71.5,21.8,7.67,-0.27,74.5,24.4,1,Low,6.42
95.4,100.0,30.0,8.86,0.84,98.0,29.7,1,Low,8.17
54.8,44.1,15.0,6.95,0.31,51.3,19.9,8,High,5.22
82.8,66.7,18.6,7.35,-0.4,68.2,25.2,1,Medium,5.66
66.9,48.0,13.2,5.68,-0.14,53.5,16.7,5,High,4.25
71.4,60.3,23.4,8.2,0.48,85.9,18.1,6,Medium,7.26
88.0,68.9,21.4,7.43,-0.25,78.9,23.6,5,Low,6.19
73.9,70.0,22.6,9.39,0.06,86.0,21.1,6,Medium,7.42
88.9,80.7,24.6,8.59,-0.26,78.8,27.6,1,Low,7.14
80.7,62.8,20.5,6.47,1.11,70.5,24.9,5,Medium,5.61
94.7,91.4,25.7,9.79,1.21,85.2,29.3,2,Low,7.48
68.3,78.2,24.5,7.85,0.93,82.3,21.7,5,Medium,7.14
55.5,55.7,12.8,5.47,-0.02,38.7,15.6,7,High,4.41
93.7,59.2,22.6,9.45,-0.19,84.7,31.2,1,Low,7.34
44.0,62.3,17.2,7.19,-0.42,48.7,11.1,8,High,5.23
50.5,55.4,12.3,6.55,0.97,51.9,13.3,8,High,5.37
82.6,94.8,27.7,9.4,0.61,96.6,31.6,3,Low,7.93
85.3,88.4,26.6,8.54,0.64,98.0,21.8,4,Low,7.54
86.1,91.1,25.5,8.07,-0.1,86.0,26.8,2,Low,6.8
82.5,77.2,21.8,7.5,-1.0,74.5,26.1,5,Low,5.76
59.4,52.9,13.4,7.38,-0.87,57.0,13.8,8,High,5.29
35.0,38.5,13.1,6.35,0.08,48.5,8.7,12,High,4.3
55.3,44.9,22.4,8.83,-0.26,82.3,24.3,6,High,7.05
92.8,88.2,26.1,8.53,-0.33,97.2,24.0,3,Low,7.33
79.4,46.2,15.4,6.1,0.26,53.5,18.8,4,Medium,4.57
75.6,69.7,22.3,6.88,0.66,84.7,20.3,4,Low,5.78
52.6,63.1,18.7,7.67,-0.37,55.8,15.8,7,High,5.74
58.4,55.6,14.7,7.68,-0.73,67.7,21.3,7,High,5.26
71.8,83.3,20.0,6.84,-0.36,57.1,17.6,3,Medium,5.27
82.4,72.4,20.8,7.97,-0.58,83.5,18.5,4,Low,6.0
63.5,69.0,17.6,6.07,0.41,48.4,22.2,5,Medium,5.17
48.2,37.2,13.2,5.84,0.05,62.6,12.3,9,High,5.03
77.3,80.3,20.2,7.69,1.18,73.0,20.9,3,Low,6.66
42.7,43.7,10.1,4.44,0.49,30.5,15.5,10,High,4.0
50.1,45.4,15.1,6.55,1.14,68.4,17.1,9,High,5.52
91.4,57.0,22.6,7.35,-0.79,70.2,28.6,1,Low,6.51
46.5,42.0,12.6,6.54,-1.9,46.9,18.8,9,High,4.38
73.7,69.8,21.1,7.54,0.2,92.3,21.0,3,Medium,6.33
81.1,82.2,19.4,8.01,0.12,73.0,27.3,5,Low,6.56
39.2,54.0,14.0,6.18,-0.02,37.5,15.0,11,High,5.04
59.4,75.8,17.7,6.09,0.11,59.9,16.2,5,High,5.44
81.4,86.6,24.2,7.19,-0.62,79.6,24.2,2,Low,6.04
79.4,66.9,22.6,6.62,0.39,78.0,18.3,3,Low,6.34
73.4,64.3,23.2,8.49,0.49,81.6,25.9,4,Medium,7.54
57.4,61.2,17.5,8.8,-0.67,70.4,23.0,6,High,6.76
82.6,80.4,26.0,8.87,-0.16,79.8,25.9,2,Low,7.13
54.4,67.5,16.4,7.97,-0.13,58.0,13.6,8,High,5.51
89.6,100.0,25.4,9.26,-0.35,92.0,30.7,4,Low,7.68
83.9,99.0,24.8,7.98,-0.65,80.1,26.0,3,Low,7.2
88.5,95.2,27.5,9.72,0.06,98.0,27.5,2,Low,8.14
58.7,60.2,19.0,6.94,0.21,61.8,18.3,6,High,5.65
80.0,86.5,23.7,7.82,-0.32,82.9,22.2,2,Low,6.6
51.4,65.3,13.4,6.11,-0.6,49.0,15.6,7,High,4.82
93.6,83.1,27.0,8.64,0.3,85.9,29.5,2,Low,7.43
79.8,67.5,19.6,7.86,-0.41,71.0,22.2,1,Low,6.29
77.9,63.5,18.8,6.78,-0.14,57.1,21.3,4,Medium,5.53
68.8,54.8,15.9,7.34,-0.21,56.2,20.8,5,Medium,5.25
82.6,61.4,21.6,8.37,0.8,77.3,24.6,3,Low,6.55
71.8,68.5,23.4,8.33,-0.38,72.3,21.1,6,Medium,6.99
79.3,62.4,18.9,8.62,1.09,74.4,24.1,4,Low,5.91
78.4,63.8,25.4,9.36,0.5,91.7,26.4,3,Low,7.85
83.6,83.0,26.0,9.31,1.14,95.0,23.5,2,Low,7.81
73.0,68.9,17.0,6.96,0.45,61.5,21.0,6,Medium,5.79
83.2,80.0,22.4,8.16,-0.08,71.0,30.6,4,Low,6.85
73.4,81.1,19.1,7.67,-0.5,68.8,22.2,8,Medium,6.0
75.4,77.7,23.4,8.11,-0.16,86.2,20.5,4,Low,6.46
80.0,88.2,21.0,7.39,0.94,65.2,20.1,3,Low,6.0
74.2,68.8,16.8,5.2,0.02,49.7,15.8,5,Medium,4.38
67.3,78.3,19.6,7.89,0.45,68.8,26.5,6,Medium,6.54
77.8,74.7,24.9,9.09,0.17,85.3,27.9,4,Low,7.97
67.6,64.1,18.8,6.44,0.2,65.4,16.0,6,Medium,5.53
38.3,52.2,14.1,6.8,0.22,51.0,15.7,11,High,4.91
84.3,68.0,23.7,7.73,0.35,83.0,28.1,4,Low,6.55
82.8,95.6,20.8,7.35,-0.44,81.4,23.6,4,Low,5.91
65.5,57.8,16.2,7.68,-0.11,64.4,19.5,7,Medium,6.0
96.2,74.6,25.3,7.74,0.24,86.7,33.3,0,Low,6.73
80.2,79.7,21.4,7.03,0.15,66.3,17.2,4,Low,6.03
76.4,66.1,25.3,9.7,-0.23,85.2,33.3,3,Low,8.14
81.0,94.1,21.0,7.55,0.3,79.9,23.8,4,Low,6.12
75.9,65.2,18.6,8.09,-0.41,65.0,27.2,1,Medium,6.31
73.1,70.3,21.5,6.63,-0.68,66.7,17.5,6,Medium,5.97
65.5,46.4,15.9,5.66,0.23,70.6,16.4,5,Medium,4.74
76.2,77.9,14.7,5.86,-0.67,63.6,17.5,3,Medium,5.09
96.0,78.9,30.0,8.96,0.22,98.0,27.7,1,Low,8.48
70.8,72.1,17.8,6.09,-1.12,54.5,21.0,4,Medium,5.03
82.5,70.9,23.9,8.45,-0.38,89.0,28.2,5,Low,6.73
35.0,20.0,6.8,5.34,-0.15,26.2,7.6,12,High,4.0
99.0,90.5,24.9,7.74,-0.91,91.4,27.6,0,Low,6.7
90.5,82.8,20.9,7.05,-0.17,69.1,27.4,3,Low,5.63
75.5,78.0,20.0,6.98,0.76,81.4,25.2,3,Low,6.01
84.6,92.5,23.0,7.2,-0.71,75.2,22.5,2,Low,6.65
70.7,84.2,21.1,5.65,-0.16,87.0,18.2,6,Medium,5.28
86.5,87.1,23.6,8.07,1.07,83.6,25.0,4,Low,6.94
80.8,76.4,19.0,6.99,-0.59,77.0,23.5,3,Low,5.87
99.0,74.9,24.5,8.06,0.89,80.9,31.4,0,Low,7.17
77.5,72.9,25.4,7.75,-0.12,77.4,19.6,4,Low,6.5
88.2,82.1,27.8,9.46,0.11,80.5,24.9,1,Low,7.86
67.8,60.6,20.2,9.2,0.82,83.9,19.2,7,Medium,7.61
81.2,80.4,24.7,7.75,-0.24,85.2,25.2,2,Low,6.81
91.9,94.3,30.0,9.8,0.43,94.9,31.6,1,Low,8.18
66.1,53.0,19.6,7.64,0.58,79.3,16.8,8,Medium,6.14
41.8,32.2,13.7,6.34,-0.34,59.1,15.4,10,High,4.22
50.1,46.2,10.8,5.54,-0.41,51.0,18.8,11,High,4.0
75.1,62.7,17.8,7.0,-0.09,54.3,24.3,4,Medium,5.83
69.9,48.0,18.3,7.97,-0.07,76.0,24.5,8,Medium,6.11
76.3,59.9,18.5,6.4,-0.6,67.3,17.8,5,Medium,5.41
87.0,66.6,20.5,7.36,-0.33,82.1,26.8,1,Low,6.35
62.3,70.0,16.6,7.72,-2.03,65.7,19.9,5,Medium,5.59
82.0,91.8,20.5,8.26,-0.15,75.3,27.9,1,Low,6.71
56.9,42.4,13.7,5.52,0.59,58.1,18.2,6,High,4.51
93.8,90.2,27.0,8.61,-0.95,98.0,24.8,0,Low,7.67
45.3,52.3,18.8,7.76,-0.23,75.8,18.3,8,High,6.54
81.1,59.0,23.3,8.54,1.52,79.0,27.3,0,Low,7.27
76.4,71.6,23.1,8.71,0.04,80.8,22.7,5,Low,7.1
89.5,100.0,22.0,8.11,0.86,65.8,26.2,3,Low,6.85
49.4,53.8,15.5,7.03,-0.56,53.5,13.3,9,High,5.21
58.2,52.0,16.5,7.06,0.32,65.8,20.6,6,High,5.39
85.6,72.1,23.9,9.29,-0.66,89.4,26.4,4,Low,7.63
81.4,54.0,20.1,7.18,0.29,63.7,26.0,3,Medium,5.87
77.2,75.3,26.1,8.61,0.56,98.0,25.8,3,Low,7.31
95.4,100.0,27.3,8.09,0.41,98.0,25.7,1,Low,7.54
78.2,63.4,21.5,6.9,-0.16,67.8,19.8,4,Medium,6.21
80.0,53.7,15.8,6.92,0.21,56.6,19.5,0,Medium,5.99
54.3,44.5,15.1,6.06,0.22,50.0,15.5,8,High,5.16
59.2,64.2,20.7,7.55,0.45,72.3,22.4,7,High,6.49
58.2,50.2,17.9,8.21,-0.02,68.4,15.1,7,High,6.46
68.2,54.7,13.3,7.32,0.61,46.9,18.0,4,High,5.26
60.0,56.2,16.2,8.32,0.91,59.9,23.4,5,High,6.34
86.9,81.2,28.5,9.8,-0.14,98.0,31.4,3,Low,8.37
81.7,60.6,21.2,9.37,0.08,81.3,23.0,4,Low,7.01
89.8,79.2,25.3,8.74,-0.49,98.0,23.5,1,Low,7.24
57.6,49.0,20.3,6.9,0.25,70.6,22.9,8,High,6.13
90.3,75.3,23.9,7.48,0.26,77.9,24.9,1,Low,6.56
81.1,63.7,23.7,9.12,0.08,89.4,22.9,2,Low,7.5
65.4,70.0,20.4,7.58,0.13,75.1,24.0,6,Medium,6.44
77.4,64.3,22.6,8.04,1.2,78.1,25.1,2,Low,7.08
84.9,57.2,22.8,7.6,-1.68,82.5,26.6,5,Low,6.69
52.8,52.5,14.3,6.13,-0.25,49.7,14.3,6,High,4.54
59.9,63.2,16.7,7.13,-0.16,57.4,20.5,7,High,5.95
86.2,70.3,21.0,6.91,0.92,59.4,27.6,2,Low,6.18
89.7,75.7,20.1,7.67,0.34,69.3,27.3,2,Low,6.46
77.5,64.4,24.2,9.3,0.35,74.0,27.9,6,Low,7.72
75.1,65.4,20.8,6.12,0.81,65.9,25.1,1,Medium,5.78
62.1,68.8,21.7,6.69,-0.06,78.1,20.5,7,Medium,5.69
48.2,44.8,18.2,7.6,0.44,55.6,16.1,8,High,6.21
61.1,65.3,18.4,8.12,-0.27,66.3,23.4,7,Medium,5.76
74.4,58.5,16.8,6.53,-0.58,60.5,17.9,4,Medium,5.72
51.1,44.6,14.3,5.02,1.13,48.3,14.5,8,High,4.45
62.6,67.7,17.0,7.92,0.27,60.1,22.5,5,Medium,6.31
67.1,53.9,13.4,5.7,0.44,51.3,9.3,5,High,4.67
43.6,52.2,12.8,5.89,-0.6,50.8,15.7,13,High,4.35
83.5,69.7,22.4,8.13,0.36,79.1,25.7,3,Low,6.59
69.8,61.1,17.8,6.6,1.12,60.2,17.1,6,Medium,5.35
80.8,90.4,21.9,7.19,-0.12,81.6,24.2,3,Low,6.35
74.0,63.5,17.2,6.35,-0.7,51.7,21.5,3,Medium,5.28
78.9,73.5,22.6,9.24,0.16,86.5,25.4,4,Low,7.43
75.4,75.3,26.3,9.43,-0.57,95.4,28.5,2,Low,7.66
93.3,86.5,28.9,9.5,-0.88,98.0,30.8,0,Low,8.11
99.0,91.7,28.8,7.55,-0.39,95.6,28.8,0,Low,6.95
84.2,76.0,24.9,8.77,-0.25,74.1,22.6,4,Low,7.07
72.0,53.2,18.9,7.63,-0.54,77.9,22.1,5,Medium,5.86
49.4,50.5,10.4,4.82,0.85,44.7,18.2,8,High,4.0
78.0,64.0,20.2,7.69,1.18,65.3,22.6,4,Medium,6.79
64.2,67.3,16.5,7.56,0.42,66.7,25.3,6,Medium,5.39
88.2,93.7,25.7,8.92,0.28,91.3,28.6,3,Low,7.5
81.1,55.9,24.1,7.75,-0.04,79.0,29.0,3,Low,6.86
62.0,71.4,23.8,8.17,-0.49,91.4,17.8,8,Medium,7.35
48.1,41.8,14.2,6.91,1.01,50.4,16.5,8,High,5.09
52.4,48.3,11.1,5.88,0.01,52.4,16.3,9,High,4.0
85.8,68.8,23.1,8.91,-0.23,86.3,28.0,2,Low,7.32
84.7,78.9,23.8,8.44,0.66,90.1,23.1,2,Low,7.14
96.0,87.3,28.0,9.45,0.01,98.0,23.8,4,Low,7.93
83.4,86.6,23.9,8.75,0.64,88.1,26.6,4,Low,7.38
59.5,48.2,16.7,6.12,-0.2,60.6,17.0,7,High,5.23
78.3,88.1,21.6,7.79,0.66,70.9,22.0,5,Low,6.71
89.1,87.3,24.2,8.01,0.64,84.3,23.6,1,Low,7.01
88.9,81.5,25.8,9.26,0.84,97.2,27.5,1,Low,8.14
66.9,60.0,13.8,6.66,-0.38,57.0,16.8,7,High,4.94
69.1,60.7,18.5,7.06,0.0,69.5,20.3,5,Medium,5.7
54.6,49.0,17.5,6.11,1.22,46.5,14.7,7,High,5.47
81.5,76.0,26.9,7.61,-0.1,88.9,22.0,3,Low,6.57
57.2,51.5,15.4,6.84,0.54,54.6,19.6,7,High,5.47
81.7,68.1,25.1,7.9,1.42,78.4,26.1,3,Low,7.01
77.9,73.0,26.1,9.05,-1.06,97.4,24.0,1,Low,7.04
35.0,26.4,9.4,4.38,-0.12,25.0,14.5,13,High,4.0
77.4,74.0,20.5,8.67,0.05,80.5,21.4,4,Low,6.6
65.5,58.4,18.0,7.57,-1.03,74.9,16.3,8,Medium,5.28
75.4,76.1,21.5,7.8,-0.22,74.2,18.9,2,Low,6.13
86.2,88.1,27.3,9.8,-0.53,95.5,24.0,0,Low,8.48
77.1,80.4,20.4,8.2,0.56,80.2,19.8,3,Low,6.41
99.0,92.3,30.0,8.97,-0.99,96.6,34.6,1,Low,7.93
81.0,78.2,20.8,7.67,1.18,78.3,19.1,2,Low,6.14
77.5,67.7,18.2,5.76,0.46,56.1,23.7,2,Medium,5.66
89.9,88.2,26.5,9.41,-0.58,84.6,27.4,2,Low,7.73
72.4,74.5,24.1,8.01,0.67,85.5,23.3,4,Medium,6.72
86.9,63.2,23.1,6.66,0.41,77.9,20.9,3,Low,6.34
75.8,73.2,22.6,7.11,0.03,65.4,23.1,4,Low,6.77
82.2,88.6,28.8,9.69,-0.38,98.0,23.7,3,Low,8.03
75.7,65.7,24.0,9.33,0.38,82.9,27.6,6,Low,7.32
35.0,29.0,10.7,5.78,0.12,45.1,16.2,9,High,4.8
87.0,74.7,22.6,7.25,-0.36,88.9,24.0,4,Low,6.17
47.5,30.3,15.7,5.68,-0.76,57.1,15.2,7,High,4.49
66.4,62.7,21.0,8.65,-0.46,85.1,23.6,6,Medium,6.11
82.8,75.7,24.0,8.51,-0.25,78.2,26.3,5,Low,7.01
85.2,79.4,22.9,7.76,0.75,89.5,27.7,2,Low,6.28
90.8,86.3,25.0,7.99,0.57,80.3,28.9,2,Low,6.85
74.1,60.0,19.8,7.89,-0.22,67.1,22.7,4,Medium,5.66
70.7,67.9,19.4,7.81,-0.2,59.7,20.7,6,Medium,6.48
65.8,65.4,17.6,6.39,0.64,63.9,22.0,3,Medium,4.93
77.4,65.9,21.9,7.01,0.21,79.7,21.9,4,Low,5.54
62.6,62.4,16.6,6.09,0.2,64.2,18.9,7,Medium,4.76
82.1,75.6,23.3,7.74,-0.37,70.6,25.7,5,Low,6.88
70.7,58.8,14.2,5.92,-0.02,54.2,22.8,6,Medium,4.49
57.2,56.4,15.3,7.74,0.05,61.2,20.4,7,High,5.58
90.2,78.8,27.3,8.45,-0.0,97.6,24.6,2,Low,7.54
80.7,80.6,20.7,6.73,0.49,66.1,28.0,1,Low,5.81
90.7,79.7,26.2,7.77,0.51,71.3,30.2,4,Low,7.36
87.4,66.4,21.0,7.52,-0.5,78.8,21.7,3,Low,6.07
87.8,82.3,26.3,7.35,-0.25,87.4,21.9,0,Low,6.65
86.1,80.5,23.2,8.01,-0.36,82.9,22.8,3,Low,7.29
80.3,62.4,20.6,6.64,0.88,70.3,25.0,4,Medium,5.87
48.5,53.7,15.2,7.39,1.4,58.9,23.1,8,High,5.74
80.8,80.7,19.6,7.48,-0.23,75.1,22.0,3,Low,5.94
74.1,59.3,22.5,9.41,-0.05,68.9,25.1,3,Low,6.65
79.4,65.9,24.8,8.19,0.56,93.9,21.9,2,Low,7.32
84.4,75.3,22.3,5.7,-0.37,72.6,27.1,2,Low,5.86
80.7,66.0,23.1,9.06,0.57,94.3,27.9,3,Low,7.66
73.0,73.5,23.0,8.36,0.04,77.8,20.7,6,Medium,6.71
71.4,67.2,20.0,7.93,-1.0,67.1,16.1,5,Medium,6.1
82.1,63.9,19.1,6.6,-0.73,65.7,25.8,4,Medium,5.52
83.9,68.1,26.5,8.64,-0.15,95.1,23.8,3,Low,7.48
79.5,84.5,22.1,7.98,0.78,75.9,26.4,2,Low,6.88
75.3,84.3,20.8,7.44,-0.49,77.1,23.4,5,Low,6.13
48.1,51.3,18.9,6.04,-0.27,62.2,10.4,9,High,5.08
81.4,72.1,23.9,9.8,0.18,86.9,24.0,5,Low,7.76
69.4,59.6,19.9,8.04,-0.95,87.5,21.1,6,Medium,6.48
86.2,83.7,21.8,8.09,0.23,79.7,23.2,1,Low,7.44
87.3,79.9,26.1,9.51,-0.88,95.2,27.5,1,Low,7.53
87.5,63.3,30.0,9.75,0.39,93.2,28.7,0,Low,8.5
86.0,88.4,26.8,8.23,-0.44,98.0,30.7,3,Low,7.07
66.2,74.7,21.1,8.55,-0.52,83.7,23.6,8,Medium,6.75
77.8,78.5,24.1,8.81,0.21,80.1,29.1,1,Low,7.52
84.3,65.8,21.6,7.32,0.53,82.5,22.5,5,Low,6.2
96.0,80.3,24.9,8.91,0.28,89.8,31.5,1,Low,6.82
45.1,24.7,11.2,5.69,0.17,43.1,13.8,8,High,4.47
87.2,95.0,23.9,8.32,0.18,92.5,22.9,2,Low,7.01
55.5,48.6,15.0,6.97,0.28,52.4,15.5,6,High,5.18
81.6,97.7,23.6,9.09,0.32,79.2,17.7,4,Low,7.19
81.7,94.0,23.6,7.68,-0.19,82.9,26.5,3,Low,6.65
88.9,71.5,23.0,8.28,0.44,84.7,22.1,2,Low,6.7
82.2,67.8,22.8,9.4,-0.43,89.5,30.3,2,Low,7.14
72.2,71.1,20.9,7.51,0.7,72.4,21.5,4,Medium,5.95
58.9,37.5,16.0,6.88,0.52,52.7,14.2,7,High,5.2
75.7,64.9,24.6,9.72,1.36,98.0,21.9,3,Low,8.12
86.7,73.3,23.7,8.58,0.36,75.8,26.5,2,Low,6.72
84.0,94.9,30.0,8.27,0.6,98.0,19.4,3,Low,8.05
43.5,43.6,14.2,5.85,-0.89,56.9,16.6,9,High,4.12
77.5,68.0,20.3,8.0,0.62,80.8,19.0,5,Low,6.5
80.5,67.1,25.2,8.72,0.76,84.1,22.7,3,Low,7.56
49.3,55.8,15.1,6.69,0.95,42.6,17.5,8,High,5.48
77.6,66.0,15.3,8.11,0.12,54.8,25.1,3,Medium,6.08
88.6,79.8,24.3,7.83,-0.16,89.8,27.7,3,Low,6.7
56.1,46.3,15.2,6.53,-0.6,60.0,14.0,6,High,4.9
96.5,71.8,29.1,7.77,-0.55,98.0,25.8,2,Low,7.37
65.7,50.9,15.7,7.48,0.03,63.8,24.1,6,Medium,5.65
85.1,72.3,22.3,7.32,-1.0,86.4,23.2,6,Low,6.01
82.4,72.4,25.8,9.27,-0.41,85.3,26.8,2,Low,7.69
65.0,58.0,19.3,8.01,0.1,61.7,21.8,7,Medium,6.23
75.2,68.0,20.5,9.21,0.09,78.5,28.5,5,Low,6.85
54.6,46.5,13.7,6.76,-0.53,44.4,16.5,7,High,4.79
87.6,92.9,26.1,8.33,-0.69,80.8,21.6,3,Low,7.24
63.8,68.7,18.9,7.58,-0.6,76.7,17.7,7,Medium,5.65
91.4,81.4,23.0,7.49,-0.08,81.3,26.0,1,Low,6.73
78.5,74.3,20.3,7.74,1.33,72.5,18.7,4,Low,6.28
77.6,67.3,19.3,7.2,0.69,68.8,21.0,5,Medium,5.32
77.4,42.4,16.8,6.84,0.18,60.1,22.4,4,Medium,5.57
68.5,63.4,21.7,7.15,0.38,83.7,18.6,5,Medium,5.41
79.3,75.4,24.3,8.47,0.66,74.4,25.4,3,Low,6.88
59.2,39.2,18.1,7.7,0.46,55.3,22.1,7,High,6.71
69.1,68.8,20.0,6.3,-0.13,61.9,21.4,6,Medium,5.76
80.1,70.3,21.4,7.25,-0.46,76.5,18.5,2,Low,6.33
84.7,80.4,23.1,8.16,-0.03,93.7,25.3,3,Low,6.46
81.1,71.4,24.9,6.71,0.65,89.1,23.1,1,Low,6.3
52.5,62.2,11.9,7.2,-0.11,51.8,16.9,9,High,5.31
54.0,53.2,14.7,6.0,-0.61,52.6,17.9,9,High,4.8
88.3,90.0,22.9,7.34,-0.98,69.4,25.5,4,Low,6.51
46.7,55.5,18.2,7.0,-0.02,68.7,16.5,10,High,6.12
75.8,58.2,19.1,7.4,-0.57,82.5,19.5,4,Medium,6.03
87.1,71.7,19.3,6.81,-0.21,66.0,23.8,0,Low,5.28
77.7,75.5,22.6,8.63,0.92,76.5,29.9,4,Low,7.25
67.9,59.1,18.0,7.38,0.02,63.6,19.9,5,Medium,5.73
49.5,44.7,13.1,5.61,-0.4,52.1,18.8,9,High,4.0
54.0,63.8,15.2,6.22,0.24,55.7,17.3,7,High,5.16
55.8,49.3,14.2,5.35,1.2,56.9,14.1,7,High,4.85
81.5,64.6,23.6,7.25,-0.02,80.4,22.5,1,Low,6.35
84.8,68.7,23.3,8.35,-1.36,80.3,25.2,1,Low,6.78
99.0,100.0,27.3,8.23,0.44,94.6,29.7,0,Low,6.79
73.0,65.2,17.6,8.29,0.26,62.1,30.2,6,Medium,6.55
83.5,62.3,21.6,7.81,0.1,88.2,24.6,2,Low,6.66
54.5,33.6,15.2,5.63,-0.08,59.5,12.9,9,High,4.64
86.3,72.1,24.1,7.41,-0.43,74.5,19.5,1,Low,6.1
68.6,61.4,19.7,8.14,0.96,66.1,20.9,8,Medium,6.05
68.8,73.0,17.9,7.03,-1.05,68.2,17.4,3,Medium,6.02
80.5,82.0,17.0,7.62,-0.14,64.2,25.3,4,Medium,5.5
68.8,63.4,23.9,7.93,-0.15,85.0,23.6,5,Medium,6.78
60.8,52.2,13.9,5.95,0.56,49.3,17.6,5,High,4.4
83.8,79.6,18.5,7.98,0.79,71.1,26.6,2,Low,5.63
63.2,41.2,17.0,6.32,-0.09,59.1,19.2,6,Medium,5.25
85.2,97.2,20.8,7.96,0.17,78.2,30.5,3,Low,6.61
